model,topk,n_samples,accuracy,f1_macro,avg_confidence,股票代码,股票名称,随机基线F1
CNN-LSTM,100%（全量）,60627,0.22823164596631865,0.20448083305815634,0.43234774470329285,HK.00700,腾讯控股,0.3333237192270846
CNN-LSTM,Top-10%,6062,0.22764764104256022,0.22001749190559772,0.5683613419532776,HK.00700,腾讯控股,0.3333237192270846
CNN-LSTM,Top-20%,12125,0.22061855670103092,0.21420105738170123,0.5315976142883301,HK.00700,腾讯控股,0.3333237192270846
CNN-LSTM,Top-30%,18188,0.21739608533098748,0.20992344517527795,0.5091397166252136,HK.00700,腾讯控股,0.3333237192270846
CNN-LSTM,Top-10%（margin）,6062,0.24315407456285054,0.22957447920766608,0.3067012429237366,HK.00700,腾讯控股,0.3333237192270846
CNN-LSTM,Top-20%（margin）,12125,0.23661855670103094,0.22129128553060382,0.2499903291463852,HK.00700,腾讯控股,0.3333237192270846
CNN-LSTM,Top-30%（margin）,18188,0.23537497250934683,0.21778473333377776,0.21535466611385345,HK.00700,腾讯控股,0.3333237192270846
LSTM,100%（全量）,60627,0.16317812195886322,0.1614091251019352,0.40657931566238403,HK.00700,腾讯控股,0.3333237192270846
LSTM,Top-10%,6062,0.26344440778620914,0.2561855460167273,0.5171586871147156,HK.00700,腾讯控股,0.3333237192270846
LSTM,Top-20%,12125,0.230680412371134,0.22928598616355853,0.4820629954338074,HK.00700,腾讯控股,0.3333237192270846
LSTM,Top-30%,18188,0.20425555311194193,0.20524758998294723,0.46347469091415405,HK.00700,腾讯控股,0.3333237192270846
LSTM,Top-10%（margin）,6062,0.3399868030353019,0.3084531074721519,0.21263271570205688,HK.00700,腾讯控股,0.3333237192270846
LSTM,Top-20%（margin）,12125,0.27175257731958763,0.2553446733982084,0.16105036437511444,HK.00700,腾讯控股,0.3333237192270846
LSTM,Top-30%（margin）,18188,0.23202111282164065,0.2210873383007984,0.13466723263263702,HK.00700,腾讯控股,0.3333237192270846
GRU,100%（全量）,60627,0.17355303742556946,0.1688354194157394,0.40059012174606323,HK.00700,腾讯控股,0.3333237192270846
GRU,Top-10%,6062,0.27301220719234576,0.2627881708966484,0.49040931463241577,HK.00700,腾讯控股,0.3333237192270846
GRU,Top-20%,12125,0.23744329896907215,0.23609974412901072,0.464000940322876,HK.00700,腾讯控股,0.3333237192270846
GRU,Top-30%,18188,0.21035847811744007,0.21055492939848008,0.4490179121494293,HK.00700,腾讯控股,0.3333237192270846
GRU,Top-10%（margin）,6062,0.33883206862421644,0.30010367713996544,0.1694052368402481,HK.00700,腾讯控股,0.3333237192270846
GRU,Top-20%（margin）,12125,0.2785154639175258,0.2558932483615792,0.13289321959018707,HK.00700,腾讯控股,0.3333237192270846
GRU,Top-30%（margin）,18188,0.24389707499450186,0.2286936212803468,0.11268419772386551,HK.00700,腾讯控股,0.3333237192270846
Transformer,100%（全量）,60627,0.1628812245369225,0.16044297219635864,0.43676337599754333,HK.00700,腾讯控股,0.3333237192270846
Transformer,Top-10%,6062,0.23210161662817552,0.19846348327449168,0.5456929802894592,HK.00700,腾讯控股,0.3333237192270846
Transformer,Top-20%,12125,0.20569072164948454,0.18882401380172606,0.5185931324958801,HK.00700,腾讯控股,0.3333237192270846
Transformer,Top-30%,18188,0.18847591818781614,0.180578784140404,0.5013368129730225,HK.00700,腾讯控股,0.3333237192270846
Transformer,Top-10%（margin）,6062,0.26773342131309796,0.22932007600309004,0.25000134110450745,HK.00700,腾讯控股,0.3333237192270846
Transformer,Top-20%（margin）,12125,0.22342268041237112,0.20073671575851418,0.20774772763252258,HK.00700,腾讯控股,0.3333237192270846
Transformer,Top-30%（margin）,18188,0.204915328788212,0.191990170402088,0.18118390440940857,HK.00700,腾讯控股,0.3333237192270846
XGBoost,100%（全量）,60627,0.419895426130272,0.28446040958310886,0.3651648759841919,HK.00700,腾讯控股,0.3333237192270846
XGBoost,Top-10%,6062,0.4597492576707357,0.31509719502551775,0.409627765417099,HK.00700,腾讯控股,0.3333237192270846
XGBoost,Top-20%,12125,0.4563298969072165,0.3093481571038727,0.3973517119884491,HK.00700,腾讯控股,0.3333237192270846
XGBoost,Top-30%,18188,0.45722454365515725,0.30700851461763107,0.3900023400783539,HK.00700,腾讯控股,0.3333237192270846
XGBoost,Top-10%（margin）,6062,0.4670075882547014,0.3127486636762324,0.09801071882247925,HK.00700,腾讯控股,0.3333237192270846
XGBoost,Top-20%（margin）,12125,0.46985567010309276,0.3120296062305382,0.07976336777210236,HK.00700,腾讯控股,0.3333237192270846
XGBoost,Top-30%（margin）,18188,0.46184297338904773,0.3056817714822175,0.06881703436374664,HK.00700,腾讯控股,0.3333237192270846
RandomForest,100%（全量）,60627,0.7766011842908275,0.3309258950321366,0.3430084302272944,HK.00700,腾讯控股,0.3333237192270846
RandomForest,Top-10%,6062,0.7469482019135599,0.33292774953386695,0.34835354457029843,HK.00700,腾讯控股,0.3333237192270846
RandomForest,Top-20%,12125,0.7733608247422681,0.33283800052216544,0.34677079889102747,HK.00700,腾讯控股,0.3333237192270846
RandomForest,Top-30%,18188,0.7849681108423137,0.3313681304971618,0.34590120043135114,HK.00700,腾讯控股,0.3333237192270846
RandomForest,Top-10%（margin）,6062,0.7731771692510723,0.32551463746525794,0.01565510731862735,HK.00700,腾讯控股,0.3333237192270846
RandomForest,Top-20%（margin）,12125,0.7856494845360825,0.32142885363224344,0.01311136478168844,HK.00700,腾讯控股,0.3333237192270846
RandomForest,Top-30%（margin）,18188,0.7977237739168682,0.32337152351411264,0.011697334363097446,HK.00700,腾讯控股,0.3333237192270846
LogisticRegression,100%（全量）,60627,0.42998993847625644,0.2833703954953481,0.3607294828478501,HK.00700,腾讯控股,0.3333237192270846
LogisticRegression,Top-10%,6062,0.47525569119102606,0.3125629198288967,0.3966476415472465,HK.00700,腾讯控股,0.3333237192270846
LogisticRegression,Top-20%,12125,0.4729896907216495,0.303481855376486,0.38691784034617477,HK.00700,腾讯控股,0.3333237192270846
LogisticRegression,Top-30%,18188,0.46932043105344184,0.30113636283590955,0.38111163679938576,HK.00700,腾讯控股,0.3333237192270846
LogisticRegression,Top-10%（margin）,6062,0.48201913559881227,0.308681960103903,0.08016626954971191,HK.00700,腾讯控股,0.3333237192270846
LogisticRegression,Top-20%（margin）,12125,0.4779381443298969,0.3054090343410772,0.06576218250748256,HK.00700,腾讯控股,0.3333237192270846
LogisticRegression,Top-30%（margin）,18188,0.4710798328568287,0.2997200353078431,0.0570650228029632,HK.00700,腾讯控股,0.3333237192270846
CNN-LSTM,100%（全量）,60628,0.3653757339842977,0.23173709159074526,0.3818616271018982,HK.00005,汇丰控股,0.33342394846708884
CNN-LSTM,Top-10%,6062,0.37545364566149786,0.27416850039203783,0.443210244178772,HK.00005,汇丰控股,0.33342394846708884
CNN-LSTM,Top-20%,12125,0.40750515463917525,0.275221789337851,0.42834416031837463,HK.00005,汇丰控股,0.33342394846708884
CNN-LSTM,Top-30%,18188,0.419067517044205,0.2723059640503036,0.41838282346725464,HK.00005,汇丰控股,0.33342394846708884
CNN-LSTM,Top-10%（margin）,6062,0.754041570438799,0.35310747221417316,0.12823273241519928,HK.00005,汇丰控股,0.33342394846708884
CNN-LSTM,Top-20%（margin）,12125,0.6884123711340207,0.34766600108520834,0.10568631440401077,HK.00005,汇丰控股,0.33342394846708884
CNN-LSTM,Top-30%（margin）,18188,0.6151858368154828,0.3288042625545449,0.09122681617736816,HK.00005,汇丰控股,0.33342394846708884
LSTM,100%（全量）,60628,0.4049943920300851,0.24650253292149796,0.4127143621444702,HK.00005,汇丰控股,0.33342394846708884
LSTM,Top-10%,6062,0.19927416694160344,0.17214714571085868,0.5842284560203552,HK.00005,汇丰控股,0.33342394846708884
LSTM,Top-20%,12125,0.2960824742268041,0.22281638487289646,0.5251924395561218,HK.00005,汇丰控股,0.33342394846708884
LSTM,Top-30%,18188,0.35138552892016717,0.2436901020496538,0.49444490671157837,HK.00005,汇丰控股,0.33342394846708884
LSTM,Top-10%（margin）,6062,0.23573078192015837,0.19649570627575028,0.3414260447025299,HK.00005,汇丰控股,0.33342394846708884
LSTM,Top-20%（margin）,12125,0.3554639175257732,0.2454365756792655,0.253481388092041,HK.00005,汇丰控股,0.33342394846708884
LSTM,Top-30%（margin）,18188,0.4071365735649879,0.26117578091087496,0.20810829102993011,HK.00005,汇丰控股,0.33342394846708884
GRU,100%（全量）,60628,0.37669063798904795,0.23651501808044859,0.4009549021720886,HK.00005,汇丰控股,0.33342394846708884
GRU,Top-10%,6062,0.22979214780600463,0.19091864219963195,0.5201461315155029,HK.00005,汇丰控股,0.33342394846708884
GRU,Top-20%,12125,0.28824742268041237,0.21983774906502318,0.4856303632259369,HK.00005,汇丰控股,0.33342394846708884
GRU,Top-30%,18188,0.32466461403122937,0.2338967047030702,0.465101957321167,HK.00005,汇丰控股,0.33342394846708884
GRU,Top-10%（margin）,6062,0.3177169251072253,0.2363368523989897,0.2334781438112259,HK.00005,汇丰控股,0.33342394846708884
GRU,Top-20%（margin）,12125,0.3802061855670103,0.2553236035630508,0.18581858277320862,HK.00005,汇丰控股,0.33342394846708884
GRU,Top-30%（margin）,18188,0.40086870464042224,0.2593586010528733,0.15751779079437256,HK.00005,汇丰控股,0.33342394846708884
Transformer,100%（全量）,60628,0.41614435574322095,0.2543352501757138,0.3727823793888092,HK.00005,汇丰控股,0.33342394846708884
Transformer,Top-10%,6062,0.7284724513361927,0.3918499005370881,0.42359861731529236,HK.00005,汇丰控股,0.33342394846708884
Transformer,Top-20%,12125,0.641979381443299,0.35499299877484364,0.41197845339775085,HK.00005,汇丰控股,0.33342394846708884
Transformer,Top-30%,18188,0.5791180998460523,0.33593431111954125,0.40429285168647766,HK.00005,汇丰控股,0.33342394846708884
Transformer,Top-10%（margin）,6062,0.964863081491257,0.3273724568326197,0.11910071223974228,HK.00005,汇丰控股,0.33342394846708884
Transformer,Top-20%（margin）,12125,0.9628865979381444,0.32704455369273217,0.09695369750261307,HK.00005,汇丰控股,0.33342394846708884
Transformer,Top-30%（margin）,18188,0.9110952276226083,0.3579064412821209,0.08000163733959198,HK.00005,汇丰控股,0.33342394846708884
XGBoost,100%（全量）,60628,0.34805700336478196,0.21223090283238075,0.36710768938064575,HK.00005,汇丰控股,0.33342394846708884
XGBoost,Top-10%,6062,0.34988452655889146,0.22052827376350256,0.41681087017059326,HK.00005,汇丰控股,0.33342394846708884
XGBoost,Top-20%,12125,0.35381443298969073,0.22018794533098318,0.4029427468776703,HK.00005,汇丰控股,0.33342394846708884
XGBoost,Top-30%,18188,0.3518803606773697,0.217491038504623,0.3946576416492462,HK.00005,汇丰控股,0.33342394846708884
XGBoost,Top-10%（margin）,6062,0.3624216430221049,0.22444519085279055,0.10812624543905258,HK.00005,汇丰控股,0.33342394846708884
XGBoost,Top-20%（margin）,12125,0.3614845360824742,0.2218290481949231,0.0874713882803917,HK.00005,汇丰控股,0.33342394846708884
XGBoost,Top-30%（margin）,18188,0.3534198372553332,0.21743593458783692,0.07512227445840836,HK.00005,汇丰控股,0.33342394846708884
RandomForest,100%（全量）,60628,0.40027709968991226,0.2365583305390345,0.33715035972095875,HK.00005,汇丰控股,0.33342394846708884
RandomForest,Top-10%,6062,0.3703398218409766,0.24169122824373424,0.34460785402379496,HK.00005,汇丰控股,0.33342394846708884
RandomForest,Top-20%,12125,0.3996701030927835,0.2479531998044782,0.3421466033789117,HK.00005,汇丰控股,0.33342394846708884
RandomForest,Top-30%,18188,0.41104024631625247,0.25009321785242067,0.3408313422667804,HK.00005,汇丰控股,0.33342394846708884
RandomForest,Top-10%（margin）,6062,0.40085780270537774,0.25314461131077537,0.013592257116353817,HK.00005,汇丰控股,0.33342394846708884
RandomForest,Top-20%（margin）,12125,0.4260618556701031,0.2588014200207248,0.010433286146025646,HK.00005,汇丰控股,0.33342394846708884
RandomForest,Top-30%（margin）,18188,0.42566527380690566,0.25416772262618537,0.00871491708879043,HK.00005,汇丰控股,0.33342394846708884
LogisticRegression,100%（全量）,60628,0.3533680807547668,0.21710782326388514,0.3657050049817184,HK.00005,汇丰控股,0.33342394846708884
LogisticRegression,Top-10%,6062,0.3505443747937974,0.2332813886454942,0.42330810452809636,HK.00005,汇丰控股,0.33342394846708884
LogisticRegression,Top-20%,12125,0.3574432989690722,0.23033229409466113,0.40370826894343054,HK.00005,汇丰控股,0.33342394846708884
LogisticRegression,Top-30%,18188,0.3560039586540576,0.22724745561005108,0.39382469051859786,HK.00005,汇丰控股,0.33342394846708884
LogisticRegression,Top-10%（margin）,6062,0.3444407786209172,0.226238226280265,0.11284225067251454,HK.00005,汇丰控股,0.33342394846708884
LogisticRegression,Top-20%（margin）,12125,0.353979381443299,0.22822227197035647,0.08626202286931674,HK.00005,汇丰控股,0.33342394846708884
LogisticRegression,Top-30%（margin）,18188,0.3525401363536398,0.2239086241572595,0.07254339486206525,HK.00005,汇丰控股,0.33342394846708884
CNN-LSTM,100%（全量）,60629,0.2930115951112504,0.2755967956983149,0.39833080768585205,HK.09988,阿里巴巴,0.3334057063686797
CNN-LSTM,Top-10%,6062,0.36588584625536125,0.35179963822715,0.4804534316062927,HK.09988,阿里巴巴,0.3334057063686797
CNN-LSTM,Top-20%,12125,0.34845360824742266,0.34412771720654933,0.4593448340892792,HK.09988,阿里巴巴,0.3334057063686797
CNN-LSTM,Top-30%,18188,0.32548933362656696,0.3230995953433376,0.4463516175746918,HK.09988,阿里巴巴,0.3334057063686797
CNN-LSTM,Top-10%（margin）,6062,0.6435169910920489,0.4500372108229027,0.1405450403690338,HK.09988,阿里巴巴,0.3334057063686797
CNN-LSTM,Top-20%（margin）,12125,0.5825154639175257,0.4308527213677232,0.10828498750925064,HK.09988,阿里巴巴,0.3334057063686797
CNN-LSTM,Top-30%（margin）,18188,0.5181438310974269,0.4147034885832901,0.08743990212678909,HK.09988,阿里巴巴,0.3334057063686797
LSTM,100%（全量）,60629,0.3218591763017698,0.29502648643388957,0.3937966227531433,HK.09988,阿里巴巴,0.3334057063686797
LSTM,Top-10%,6062,0.40349719564500164,0.39653559478445294,0.4909113049507141,HK.09988,阿里巴巴,0.3334057063686797
LSTM,Top-20%,12125,0.38828865979381444,0.3799118276865589,0.46301642060279846,HK.09988,阿里巴巴,0.3334057063686797
LSTM,Top-30%,18188,0.36776995821420716,0.35949828821534585,0.446982741355896,HK.09988,阿里巴巴,0.3334057063686797
LSTM,Top-10%（margin）,6062,0.6092048828769383,0.4620544314167865,0.17474283277988434,HK.09988,阿里巴巴,0.3334057063686797
LSTM,Top-20%（margin）,12125,0.5838350515463917,0.45272876714079985,0.12893640995025635,HK.09988,阿里巴巴,0.3334057063686797
LSTM,Top-30%（margin）,18188,0.5389267648999341,0.42941263516182543,0.10258574783802032,HK.09988,阿里巴巴,0.3334057063686797
GRU,100%（全量）,60629,0.2643289514918603,0.2547616684164439,0.3934881389141083,HK.09988,阿里巴巴,0.3334057063686797
GRU,Top-10%,6062,0.32481029363246455,0.31840724623598454,0.4694194793701172,HK.09988,阿里巴巴,0.3334057063686797
GRU,Top-20%,12125,0.3060618556701031,0.30383553812254965,0.4501560926437378,HK.09988,阿里巴巴,0.3334057063686797
GRU,Top-30%,18188,0.28491312953595777,0.2844853468901627,0.4386889934539795,HK.09988,阿里巴巴,0.3334057063686797
GRU,Top-10%（margin）,6062,0.5484988452655889,0.43868405052519854,0.12736310064792633,HK.09988,阿里巴巴,0.3334057063686797
GRU,Top-20%（margin）,12125,0.46284536082474226,0.3927928398358258,0.09555035084486008,HK.09988,阿里巴巴,0.3334057063686797
GRU,Top-30%（margin）,18188,0.4070266109522762,0.36004920190399187,0.07842998206615448,HK.09988,阿里巴巴,0.3334057063686797
Transformer,100%（全量）,60629,0.2601725246994013,0.2519025617405587,0.4285527467727661,HK.09988,阿里巴巴,0.3334057063686797
Transformer,Top-10%,6062,0.35186407126360936,0.3350349231602278,0.5233556032180786,HK.09988,阿里巴巴,0.3334057063686797
Transformer,Top-20%,12125,0.31868041237113404,0.30855947252734367,0.4995923936367035,HK.09988,阿里巴巴,0.3334057063686797
Transformer,Top-30%,18188,0.2929953815702661,0.28791619811510644,0.48544740676879883,HK.09988,阿里巴巴,0.3334057063686797
Transformer,Top-10%（margin）,6062,0.4460574067964368,0.36966724432100584,0.23606815934181213,HK.09988,阿里巴巴,0.3334057063686797
Transformer,Top-20%（margin）,12125,0.3959587628865979,0.3401713323112477,0.1865423619747162,HK.09988,阿里巴巴,0.3334057063686797
Transformer,Top-30%（margin）,18188,0.3546294259951616,0.31244443406526606,0.15754050016403198,HK.09988,阿里巴巴,0.3334057063686797
XGBoost,100%（全量）,60629,0.3343614441933728,0.2809466225393364,0.36897143721580505,HK.09988,阿里巴巴,0.3334057063686797
XGBoost,Top-10%,6062,0.3447707027383702,0.30370402082345976,0.4260997474193573,HK.09988,阿里巴巴,0.3334057063686797
XGBoost,Top-20%,12125,0.3326185567010309,0.29119467583493885,0.4091525971889496,HK.09988,阿里巴巴,0.3334057063686797
XGBoost,Top-30%,18188,0.33065757642401583,0.28738682450016145,0.3993717432022095,HK.09988,阿里巴巴,0.3334057063686797
XGBoost,Top-10%（margin）,6062,0.3332233586275157,0.29284386293879944,0.11864116787910461,HK.09988,阿里巴巴,0.3334057063686797
XGBoost,Top-20%（margin）,12125,0.33063917525773195,0.28665328524489764,0.09413451701402664,HK.09988,阿里巴巴,0.3334057063686797
XGBoost,Top-30%（margin）,18188,0.3296679129096107,0.2835672662887179,0.08007584512233734,HK.09988,阿里巴巴,0.3334057063686797
RandomForest,100%（全量）,60629,0.19127810123868116,0.16044236765779996,0.3404545892801046,HK.09988,阿里巴巴,0.3334057063686797
RandomForest,Top-10%,6062,0.2210491586935005,0.18784791813989998,0.3468805450447521,HK.09988,阿里巴巴,0.3334057063686797
RandomForest,Top-20%,12125,0.20123711340206185,0.16593725575055304,0.3449620800889996,HK.09988,阿里巴巴,0.3334057063686797
RandomForest,Top-30%,18188,0.19029030129755883,0.1552354752002451,0.34391884483296636,HK.09988,阿里巴巴,0.3334057063686797
RandomForest,Top-10%（margin）,6062,0.2093368525239195,0.17196564816226764,0.01679663003073079,HK.09988,阿里巴巴,0.3334057063686797
RandomForest,Top-20%（margin）,12125,0.1867216494845361,0.14941231458324233,0.013950689950977467,HK.09988,阿里巴巴,0.3334057063686797
RandomForest,Top-30%（margin）,18188,0.17577523641961734,0.1400320873288884,0.012332281766926901,HK.09988,阿里巴巴,0.3334057063686797
LogisticRegression,100%（全量）,60629,0.3256362466806314,0.2774384301931482,0.359454896241967,HK.09988,阿里巴巴,0.3334057063686797
LogisticRegression,Top-10%,6062,0.29709666776641375,0.2815939063483859,0.4032107788905274,HK.09988,阿里巴巴,0.3334057063686797
LogisticRegression,Top-20%,12125,0.29830927835051546,0.27442111817627907,0.38870166859715355,HK.09988,阿里巴巴,0.3334057063686797
LogisticRegression,Top-30%,18188,0.30305696063338466,0.2733974542225302,0.3812957691727082,HK.09988,阿里巴巴,0.3334057063686797
LogisticRegression,Top-10%（margin）,6062,0.29280765423952493,0.27613290657136785,0.08688806702757355,HK.09988,阿里巴巴,0.3334057063686797
LogisticRegression,Top-20%（margin）,12125,0.29451546391752575,0.26758558281962347,0.06749127273596091,HK.09988,阿里巴巴,0.3334057063686797
LogisticRegression,Top-30%（margin）,18188,0.29981306355839016,0.26848524313000083,0.057252881448709214,HK.09988,阿里巴巴,0.3334057063686797
CNN-LSTM,100%（全量）,60630,0.6575457694210787,0.41328819118502036,0.6126120686531067,HK.01810,小米集团,0.3333374810220038
CNN-LSTM,Top-10%,6063,0.851228764637968,0.3065454977429318,0.8643805384635925,HK.01810,小米集团,0.3333374810220038
CNN-LSTM,Top-20%,12126,0.8481774698993897,0.30595094670771794,0.8458397388458252,HK.01810,小米集团,0.3333374810220038
CNN-LSTM,Top-30%,18189,0.8419374347132883,0.3047289297475848,0.8261951804161072,HK.01810,小米集团,0.3333374810220038
CNN-LSTM,Top-10%（margin）,6063,0.8515586343394359,0.3066096561553536,0.7938762307167053,HK.01810,小米集团,0.3333374810220038
CNN-LSTM,Top-20%（margin）,12126,0.8490846115784265,0.30612791008830614,0.7658181190490723,HK.01810,小米集团,0.3333374810220038
CNN-LSTM,Top-30%（margin）,18189,0.8419924129968662,0.30473973256924547,0.7356683611869812,HK.01810,小米集团,0.3333374810220038
LSTM,100%（全量）,60630,0.6789543130463467,0.40409502276866943,0.4368937909603119,HK.01810,小米集团,0.3333374810220038
LSTM,Top-10%,6063,0.8490846115784265,0.30612791008830614,0.6228012442588806,HK.01810,小米集团,0.3333374810220038
LSTM,Top-20%,12126,0.8421573478476002,0.30477213716536844,0.5711666941642761,HK.01810,小米集团,0.3333374810220038
LSTM,Top-30%,18189,0.8378690417285173,0.303927727422298,0.5403741598129272,HK.01810,小米集团,0.3333374810220038
LSTM,Top-10%（margin）,6063,0.8490846115784265,0.30612791008830614,0.42646926641464233,HK.01810,小米集团,0.3333374810220038
LSTM,Top-20%（margin）,12126,0.8421573478476002,0.30477213716536844,0.3511827886104584,HK.01810,小米集团,0.3333374810220038
LSTM,Top-30%（margin）,18189,0.8379789982956732,0.30394942817544596,0.3059817850589752,HK.01810,小米集团,0.3333374810220038
GRU,100%（全量）,60630,0.6732310737258783,0.4136991539237378,0.419663667678833,HK.01810,小米集团,0.3333374810220038
GRU,Top-10%,6063,0.8525482434438397,0.3068019943019943,0.5781500339508057,HK.01810,小米集团,0.3333374810220038
GRU,Top-20%,12126,0.8478476001979218,0.308806364649246,0.5369348526000977,HK.01810,小米集团,0.3333374810220038
GRU,Top-30%,18189,0.8335257573258563,0.3327599654535655,0.5093697309494019,HK.01810,小米集团,0.3333374810220038
GRU,Top-10%（margin）,6063,0.8522183737423717,0.30673790442267734,0.3611987829208374,HK.01810,小米集团,0.3333374810220038
GRU,Top-20%（margin）,12126,0.8484248721754907,0.3059992266738051,0.2994941174983978,HK.01810,小米集团,0.3333374810220038
GRU,Top-30%（margin）,18189,0.8384188245642971,0.3040362052294227,0.2581721544265747,HK.01810,小米集团,0.3333374810220038
Transformer,100%（全量）,60630,0.6688603001814284,0.39605444185512656,0.6424461007118225,HK.01810,小米集团,0.3333374810220038
Transformer,Top-10%,6063,0.8543625268019133,0.3071540810578434,0.9132422804832458,HK.01810,小米集团,0.3333374810220038
Transformer,Top-20%,12126,0.8488372093023255,0.3060796645702306,0.873467206954956,HK.01810,小米集团,0.3333374810220038
Transformer,Top-30%,18189,0.8391335422508109,0.3041771294192674,0.8493345975875854,HK.01810,小米集团,0.3333374810220038
Transformer,Top-10%（margin）,6063,0.8565066798614547,0.30756929637526653,0.8611260056495667,HK.01810,小米集团,0.3333374810220038
Transformer,Top-20%（margin）,12126,0.8490021441530595,0.3061118296834813,0.8008605241775513,HK.01810,小米集团,0.3333374810220038
Transformer,Top-30%（margin）,18189,0.8395733685194349,0.3042637975692369,0.7644723057746887,HK.01810,小米集团,0.3333374810220038
XGBoost,100%（全量）,60630,0.17143328385287812,0.17742914291520906,0.39381667971611023,HK.01810,小米集团,0.3333374810220038
XGBoost,Top-10%,6063,0.17664522513607125,0.17780857992683194,0.4680177867412567,HK.01810,小米集团,0.3333374810220038
XGBoost,Top-20%,12126,0.16699653636813458,0.17042428706099277,0.4481990933418274,HK.01810,小米集团,0.3333374810220038
XGBoost,Top-30%,18189,0.16465995931607016,0.16916669193971803,0.4362211525440216,HK.01810,小米集团,0.3333374810220038
XGBoost,Top-10%（margin）,6063,0.1710374402111166,0.17413358875627197,0.1736118495464325,HK.01810,小米集团,0.3333374810220038
XGBoost,Top-20%（margin）,12126,0.16633679696519874,0.17067084161681337,0.14328421652317047,HK.01810,小米集团,0.3333374810220038
XGBoost,Top-30%（margin）,18189,0.16180108857001485,0.16708063862709668,0.12470253556966782,HK.01810,小米集团,0.3333374810220038
RandomForest,100%（全量）,60630,0.13777008081807687,0.10695751844155077,0.36235725869413354,HK.01810,小米集团,0.3333374810220038
RandomForest,Top-10%,6063,0.14431799439221507,0.08978234274297975,0.37614342134486245,HK.01810,小米集团,0.3333374810220038
RandomForest,Top-20%,12126,0.1442355269668481,0.0902880785421384,0.3723207749435518,HK.01810,小米集团,0.3333374810220038
RandomForest,Top-30%,18189,0.1450327120787289,0.09300518936763734,0.3700496444286341,HK.01810,小米集团,0.3333374810220038
RandomForest,Top-10%（margin）,6063,0.16262576282368466,0.09807756309681855,0.04082138463817859,HK.01810,小米集团,0.3333374810220038
RandomForest,Top-20%（margin）,12126,0.15487382483918852,0.09413602412099081,0.034571624880883244,HK.01810,小米集团,0.3333374810220038
RandomForest,Top-30%（margin）,18189,0.15025564901863764,0.09226811810955964,0.03083559993328221,HK.01810,小米集团,0.3333374810220038
LogisticRegression,100%（全量）,60630,0.168596404420254,0.17375913132147527,0.3808399589952707,HK.01810,小米集团,0.3333374810220038
LogisticRegression,Top-10%,6063,0.21210621804387267,0.21032495459636272,0.4442226249870015,HK.01810,小米集团,0.3333374810220038
LogisticRegression,Top-20%,12126,0.18909780636648524,0.1907015480689572,0.42521218040781344,HK.01810,小米集团,0.3333374810220038
LogisticRegression,Top-30%,18189,0.17543570289735555,0.17853950839431543,0.4147348285168706,HK.01810,小米集团,0.3333374810220038
LogisticRegression,Top-10%（margin）,6063,0.20105558304469734,0.19982620766328987,0.13780762170005856,HK.01810,小米集团,0.3333374810220038
LogisticRegression,Top-20%（margin）,12126,0.18274781461322778,0.18391533815522496,0.10987301221904808,HK.01810,小米集团,0.3333374810220038
LogisticRegression,Top-30%（margin）,18189,0.17461102864368575,0.17768667145355624,0.09430882219607928,HK.01810,小米集团,0.3333374810220038
CNN-LSTM,100%（全量）,60632,0.5025564058582926,0.3297571121297163,0.3853820264339447,HK.00939,建设银行,0.3334506778228674
CNN-LSTM,Top-10%,6063,0.5366980042883062,0.3877968143345946,0.4537994861602783,HK.00939,建设银行,0.3334506778228674
CNN-LSTM,Top-20%,12126,0.5960745505525318,0.3969230758900717,0.4361920654773712,HK.00939,建设银行,0.3334506778228674
CNN-LSTM,Top-30%,18189,0.6102039694320743,0.3904309910729869,0.4260292053222656,HK.00939,建设银行,0.3334506778228674
CNN-LSTM,Top-10%（margin）,6063,0.6564407059211611,0.38897183717442757,0.15680204331874847,HK.00939,建设银行,0.3334506778228674
CNN-LSTM,Top-20%（margin）,12126,0.6804387267029524,0.383438943427233,0.13402648270130157,HK.00939,建设银行,0.3334506778228674
CNN-LSTM,Top-30%（margin）,18189,0.669635493979878,0.37732575980951205,0.11975123733282089,HK.00939,建设银行,0.3334506778228674
LSTM,100%（全量）,60632,0.4197123631085895,0.2980155330751812,0.39018985629081726,HK.00939,建设银行,0.3334506778228674
LSTM,Top-10%,6063,0.7280224311396998,0.4455225741334652,0.5018328428268433,HK.00939,建设银行,0.3334506778228674
LSTM,Top-20%,12126,0.6519049975259772,0.4139002841052726,0.4665212035179138,HK.00939,建设银行,0.3334506778228674
LSTM,Top-30%,18189,0.5959645939853758,0.3890433742829944,0.44683337211608887,HK.00939,建设银行,0.3334506778228674
LSTM,Top-10%（margin）,6063,0.8104898565066798,0.42789350592537617,0.23238149285316467,HK.00939,建设银行,0.3334506778228674
LSTM,Top-20%（margin）,12126,0.731238660729012,0.40460027383206215,0.1774103194475174,HK.00939,建设银行,0.3334506778228674
LSTM,Top-30%（margin）,18189,0.6552311836824455,0.38304337171534514,0.14689290523529053,HK.00939,建设银行,0.3334506778228674
GRU,100%（全量）,60632,0.494705765932181,0.32502604431935883,0.4199603796005249,HK.00939,建设银行,0.3334506778228674
GRU,Top-10%,6063,0.4466435757875639,0.3441204439323782,0.5363041758537292,HK.00939,建设银行,0.3334506778228674
GRU,Top-20%,12126,0.5192973775358734,0.363622667694444,0.5061826705932617,HK.00939,建设银行,0.3334506778228674
GRU,Top-30%,18189,0.5521469019737204,0.3672552734140398,0.4879365563392639,HK.00939,建设银行,0.3334506778228674
GRU,Top-10%（margin）,6063,0.5226785419759196,0.35513078901935136,0.2659158408641815,HK.00939,建设银行,0.3334506778228674
GRU,Top-20%（margin）,12126,0.5874979383143658,0.37178377782467315,0.22257773578166962,HK.00939,建设银行,0.3334506778228674
GRU,Top-30%（margin）,18189,0.6050909890593216,0.3743985178527902,0.19585634768009186,HK.00939,建设银行,0.3334506778228674
Transformer,100%（全量）,60632,0.24863108589523683,0.213476985717958,0.36474233865737915,HK.00939,建设银行,0.3334506778228674
Transformer,Top-10%,6063,0.4054098631040739,0.3381965212271935,0.41844603419303894,HK.00939,建设银行,0.3334506778228674
Transformer,Top-20%,12126,0.32632360217714,0.28786627159140515,0.4013076722621918,HK.00939,建设银行,0.3334506778228674
Transformer,Top-30%,18189,0.2900104458738798,0.26092117156074035,0.39225178956985474,HK.00939,建设银行,0.3334506778228674
Transformer,Top-10%（margin）,6063,0.5475837044367475,0.34145849887676444,0.09948675334453583,HK.00939,建设银行,0.3334506778228674
Transformer,Top-20%（margin）,12126,0.4731980867557315,0.31230747355033417,0.07103396207094193,HK.00939,建设银行,0.3334506778228674
Transformer,Top-30%（margin）,18189,0.409093408103799,0.2913128432154749,0.056515179574489594,HK.00939,建设银行,0.3334506778228674
XGBoost,100%（全量）,60632,0.8181983111228395,0.31659876394246617,0.45272570848464966,HK.00939,建设银行,0.3334506778228674
XGBoost,Top-10%,6063,0.8174171202375062,0.3034312896852704,0.5280607342720032,HK.00939,建设银行,0.3334506778228674
XGBoost,Top-20%,12126,0.8248391885205344,0.3032288486397831,0.5120261907577515,HK.00939,建设银行,0.3334506778228674
XGBoost,Top-30%,18189,0.8289075815053054,0.3034375329139665,0.5014208555221558,HK.00939,建设银行,0.3334506778228674
XGBoost,Top-10%（margin）,6063,0.8243443839683325,0.3024405112149896,0.27568671107292175,HK.00939,建设银行,0.3334506778228674
XGBoost,Top-20%（margin）,12126,0.8290450272142503,0.30345705565630515,0.25116121768951416,HK.00939,建设银行,0.3334506778228674
XGBoost,Top-30%（margin）,18189,0.8312716476991588,0.3034852963804498,0.23480205237865448,HK.00939,建设银行,0.3334506778228674
RandomForest,100%（全量）,60632,0.8335532392136166,0.3030739154943091,0.45498048906086097,HK.00939,建设银行,0.3334506778228674
RandomForest,Top-10%,6063,0.8118093353125515,0.29871036261568806,0.46319367250827775,HK.00939,建设银行,0.3334506778228674
RandomForest,Top-20%,12126,0.8227775028863599,0.3009244597264323,0.46128835590086786,HK.00939,建设银行,0.3334506778228674
RandomForest,Top-30%,18189,0.8300071471768652,0.30236936449758656,0.46014017009405334,HK.00939,建设银行,0.3334506778228674
RandomForest,Top-10%（margin）,6063,0.818241794491176,0.30001209482341556,0.19267516687371133,HK.00939,建设银行,0.3334506778228674
RandomForest,Top-20%（margin）,12126,0.8288800923635165,0.30214486479986774,0.1900306827884777,HK.00939,建设银行,0.3334506778228674
RandomForest,Top-30%（margin）,18189,0.8363846280719116,0.303634512903419,0.18838447631096275,HK.00939,建设银行,0.3334506778228674
LogisticRegression,100%（全量）,60632,0.8273024145665655,0.3127242907558893,0.4558344374921127,HK.00939,建设银行,0.3334506778228674
LogisticRegression,Top-10%,6063,0.8022431139699818,0.2979938665985178,0.5216054141449123,HK.00939,建设银行,0.3334506778228674
LogisticRegression,Top-20%,12126,0.8168398482599373,0.3015754848798866,0.5063336288119127,HK.00939,建设银行,0.3334506778228674
LogisticRegression,Top-30%,18189,0.8237396228489746,0.3028350032072706,0.4969183296152674,HK.00939,建设银行,0.3334506778228674
LogisticRegression,Top-10%（margin）,6063,0.809995051954478,0.29842311548628203,0.265991894191031,HK.00939,建设银行,0.3334506778228674
LogisticRegression,Top-20%（margin）,12126,0.8229424377370939,0.3016133311526649,0.2432964119444693,HK.00939,建设银行,0.3334506778228674
LogisticRegression,Top-30%（margin）,18189,0.8298971906097091,0.30324645720073223,0.229087563461055,HK.00939,建设银行,0.3334506778228674
CNN-LSTM,100%（全量）,60633,0.49778173601833986,0.3394059974590024,0.39779233932495117,HK.01299,友邦保险,0.33332224544335715
CNN-LSTM,Top-10%,6063,0.9016988289625598,0.3279777997402198,0.5331850051879883,HK.01299,友邦保险,0.33332224544335715
CNN-LSTM,Top-20%,12126,0.8609599208312716,0.3795991206123932,0.4989728331565857,HK.01299,友邦保险,0.33332224544335715
CNN-LSTM,Top-30%,18189,0.7798669525537413,0.42907042680569707,0.4748217761516571,HK.01299,友邦保险,0.33332224544335715
CNN-LSTM,Top-10%（margin）,6063,0.9020286986640277,0.3161637183489421,0.29530927538871765,HK.01299,友邦保险,0.33332224544335715
CNN-LSTM,Top-20%（margin）,12126,0.8862774204189345,0.3132368585960157,0.2428693026304245,HK.01299,友邦保险,0.33332224544335715
CNN-LSTM,Top-30%（margin）,18189,0.8711858815767771,0.3194324652701145,0.2010260820388794,HK.01299,友邦保险,0.33332224544335715
LSTM,100%（全量）,60633,0.5251100885656326,0.3528040145222961,0.39376726746559143,HK.01299,友邦保险,0.33332224544335715
LSTM,Top-10%,6063,0.8837209302325582,0.4069745574870633,0.49362704157829285,HK.01299,友邦保险,0.33332224544335715
LSTM,Top-20%,12126,0.8062015503875969,0.4221071679933148,0.46702343225479126,HK.01299,友邦保险,0.33332224544335715
LSTM,Top-30%,18189,0.7493540051679587,0.42299827935059886,0.4507330060005188,HK.01299,友邦保险,0.33332224544335715
LSTM,Top-10%（margin）,6063,0.9115949200065974,0.3179177451826287,0.23208025097846985,HK.01299,友邦保险,0.33332224544335715
LSTM,Top-20%（margin）,12126,0.8937819561273297,0.3146374034721013,0.1887117177248001,HK.01299,友邦保险,0.33332224544335715
LSTM,Top-30%（margin）,18189,0.884105778217604,0.31712606419989453,0.1595553308725357,HK.01299,友邦保险,0.33332224544335715
GRU,100%（全量）,60633,0.6088598617914337,0.3775165043172574,0.4099133312702179,HK.01299,友邦保险,0.33332224544335715
GRU,Top-10%,6063,0.9205014019462312,0.3195350967594183,0.5309569239616394,HK.01299,友邦保险,0.33332224544335715
GRU,Top-20%,12126,0.8958436417615042,0.33998874038427657,0.5040669441223145,HK.01299,友邦保险,0.33332224544335715
GRU,Top-30%,18189,0.8665127274726483,0.38019560318803686,0.4844006597995758,HK.01299,友邦保险,0.33332224544335715
GRU,Top-10%（margin）,6063,0.9221507504535709,0.3198329615010583,0.29185837507247925,HK.01299,友邦保险,0.33332224544335715
GRU,Top-20%（margin）,12126,0.9001319478805871,0.31581383909841876,0.25114667415618896,HK.01299,友邦保险,0.33332224544335715
GRU,Top-30%（margin）,18189,0.888613997470999,0.3136741189256327,0.22048448026180267,HK.01299,友邦保险,0.33332224544335715
Transformer,100%（全量）,60633,0.3644055217455841,0.28477946855927455,0.581222414970398,HK.01299,友邦保险,0.33332224544335715
Transformer,Top-10%,6063,0.4367474847435263,0.34550509004802393,0.852532148361206,HK.01299,友邦保险,0.33332224544335715
Transformer,Top-20%,12126,0.4223981527296718,0.330477852065919,0.8010737299919128,HK.01299,友邦保险,0.33332224544335715
Transformer,Top-30%,18189,0.41591071526746937,0.32241303470108595,0.7611968517303467,HK.01299,友邦保险,0.33332224544335715
Transformer,Top-10%（margin）,6063,0.4349332013854528,0.34493478136915634,0.7562668919563293,HK.01299,友邦保险,0.33332224544335715
Transformer,Top-20%（margin）,12126,0.4139864753422398,0.3261591984897078,0.671103298664093,HK.01299,友邦保险,0.33332224544335715
Transformer,Top-30%（margin）,18189,0.4087635384023311,0.3189457012302606,0.6052554845809937,HK.01299,友邦保险,0.33332224544335715
XGBoost,100%（全量）,60633,0.4507776293437567,0.2994945044076118,0.3712534010410309,HK.01299,友邦保险,0.33332224544335715
XGBoost,Top-10%,6063,0.5126175160811479,0.3305024453899868,0.42406684160232544,HK.01299,友邦保险,0.33332224544335715
XGBoost,Top-20%,12126,0.5037935015668811,0.3258606536552428,0.40963301062583923,HK.01299,友邦保险,0.33332224544335715
XGBoost,Top-30%,18189,0.4972785749628897,0.320773262108174,0.40091124176979065,HK.01299,友邦保险,0.33332224544335715
XGBoost,Top-10%（margin）,6063,0.520369454065644,0.3294691862462929,0.11732286214828491,HK.01299,友邦保险,0.33332224544335715
XGBoost,Top-20%（margin）,12126,0.5136071251855517,0.32651594297925807,0.09577777981758118,HK.01299,友邦保险,0.33332224544335715
XGBoost,Top-30%（margin）,18189,0.5076144922755511,0.32419102050653986,0.0826881006360054,HK.01299,友邦保险,0.33332224544335715
RandomForest,100%（全量）,60633,0.8011643824320089,0.3033360895510386,0.3457472064006172,HK.01299,友邦保险,0.33332224544335715
RandomForest,Top-10%,6063,0.7202704931552036,0.28369191360274576,0.35311157788573594,HK.01299,友邦保险,0.33332224544335715
RandomForest,Top-20%,12126,0.7471548738248391,0.2881265043796252,0.3509422026894665,HK.01299,友邦保险,0.33332224544335715
RandomForest,Top-30%,18189,0.7628786629281434,0.2924536059922854,0.34977002698835175,HK.01299,友邦保险,0.33332224544335715
RandomForest,Top-10%（margin）,6063,0.7290120402441036,0.2811168352095656,0.026344121774815175,HK.01299,友邦保险,0.33332224544335715
RandomForest,Top-20%（margin）,12126,0.7579581065479136,0.2874523049978107,0.023355500347387995,HK.01299,友邦保险,0.33332224544335715
RandomForest,Top-30%（margin）,18189,0.7701357963604376,0.2903835940741842,0.021682672691514908,HK.01299,友邦保险,0.33332224544335715
LogisticRegression,100%（全量）,60633,0.4811736183266538,0.31024270084048794,0.3619410935137767,HK.01299,友邦保险,0.33332224544335715
LogisticRegression,Top-10%,6063,0.5530265545109682,0.34045541706382526,0.40293121954909533,HK.01299,友邦保险,0.33332224544335715
LogisticRegression,Top-20%,12126,0.553603826488537,0.3345224111105438,0.3909958199084439,HK.01299,友邦保险,0.33332224544335715
LogisticRegression,Top-30%,18189,0.5508274231678487,0.3350388159268604,0.3842462123480604,HK.01299,友邦保险,0.33332224544335715
LogisticRegression,Top-10%（margin）,6063,0.5649018637638132,0.335061104666563,0.0882392077902271,HK.01299,友邦保险,0.33332224544335715
LogisticRegression,Top-20%（margin）,12126,0.565973940293584,0.3351958287382832,0.07137449679868105,HK.01299,友邦保险,0.33332224544335715
LogisticRegression,Top-30%（margin）,18189,0.5586893177195008,0.3351297672039413,0.061641646500806245,HK.01299,友邦保险,0.33332224544335715
CNN-LSTM,100%（全量）,60634,0.5242438235973217,0.2760611812104314,0.3762974143028259,HK.00941,中国移动,0.33335074889257615
CNN-LSTM,Top-10%,6063,0.8617845950849414,0.38822818329592423,0.43558645248413086,HK.00941,中国移动,0.33335074889257615
CNN-LSTM,Top-20%,12126,0.8119742701632855,0.3928499991552538,0.42104750871658325,HK.00941,中国移动,0.33335074889257615
CNN-LSTM,Top-30%,18190,0.7665200659703134,0.3799035872453002,0.4118202328681946,HK.00941,中国移动,0.33335074889257615
CNN-LSTM,Top-10%（margin）,6063,0.9780636648523833,0.3296367325384252,0.14149148762226105,HK.00941,中国移动,0.33335074889257615
CNN-LSTM,Top-20%（margin）,12126,0.9771565231733466,0.3344706469322003,0.11721531301736832,HK.00941,中国移动,0.33335074889257615
CNN-LSTM,Top-30%（margin）,18190,0.9641011544804838,0.3465778471853393,0.10066068917512894,HK.00941,中国移动,0.33335074889257615
LSTM,100%（全量）,60634,0.5123857901507405,0.27006283760280875,0.3800545334815979,HK.00941,中国移动,0.33335074889257615
LSTM,Top-10%,6063,0.4900214415305954,0.30023571961570644,0.47555622458457947,HK.00941,中国移动,0.33335074889257615
LSTM,Top-20%,12126,0.5638297872340425,0.31683954337925124,0.4438895285129547,HK.00941,中国移动,0.33335074889257615
LSTM,Top-30%,18190,0.5982407916437603,0.32349363929284874,0.4271511733531952,HK.00941,中国移动,0.33335074889257615
LSTM,Top-10%（margin）,6063,0.6711199076364835,0.34700440681356715,0.18254269659519196,HK.00941,中国移动,0.33335074889257615
LSTM,Top-20%（margin）,12126,0.7460003298697014,0.35329779476248263,0.13999980688095093,HK.00941,中国移动,0.33335074889257615
LSTM,Top-30%（margin）,18190,0.7774051676745465,0.3614768656004754,0.11780336499214172,HK.00941,中国移动,0.33335074889257615
GRU,100%（全量）,60634,0.38227727017844776,0.2235236800214527,0.3781930208206177,HK.00941,中国移动,0.33335074889257615
GRU,Top-10%,6063,0.6808510638297872,0.3783310681564332,0.44550490379333496,HK.00941,中国移动,0.33335074889257615
GRU,Top-20%,12126,0.5673758865248227,0.32892541193071134,0.42896589636802673,HK.00941,中国移动,0.33335074889257615
GRU,Top-30%,18190,0.5186366135239142,0.30355045006960213,0.41821131110191345,HK.00941,中国移动,0.33335074889257615
GRU,Top-10%（margin）,6063,0.9769091208972456,0.32946738979279655,0.15278056263923645,HK.00941,中国移动,0.33335074889257615
GRU,Top-20%（margin）,12126,0.9343559294078839,0.36945707855143967,0.11775700747966766,HK.00941,中国移动,0.33335074889257615
GRU,Top-30%（margin）,18190,0.836998350742166,0.3669194870447179,0.09484218060970306,HK.00941,中国移动,0.33335074889257615
Transformer,100%（全量）,60634,0.49656958142296403,0.25937769887778356,0.42588335275650024,HK.00941,中国移动,0.33335074889257615
Transformer,Top-10%,6063,0.9792182088075211,0.32983333333333337,0.7883244752883911,HK.00941,中国移动,0.33335074889257615
Transformer,Top-20%,12126,0.975342239815273,0.32917240707496626,0.6504680514335632,HK.00941,中国移动,0.33335074889257615
Transformer,Top-30%,18190,0.9332050577240242,0.36617849835390276,0.5723726749420166,HK.00941,中国移动,0.33335074889257615
Transformer,Top-10%（margin）,6063,0.9792182088075211,0.32983333333333337,0.6769789457321167,HK.00941,中国移动,0.33335074889257615
Transformer,Top-20%（margin）,12126,0.975342239815273,0.32917240707496626,0.46917957067489624,HK.00941,中国移动,0.33335074889257615
Transformer,Top-30%（margin）,18190,0.9719626168224299,0.3285939968404423,0.350998193025589,HK.00941,中国移动,0.33335074889257615
XGBoost,100%（全量）,60634,0.11841541049576146,0.09196767687135744,0.37941718101501465,HK.00941,中国移动,0.33335074889257615
XGBoost,Top-10%,6063,0.06795315850239156,0.06117606364414263,0.43587782979011536,HK.00941,中国移动,0.33335074889257615
XGBoost,Top-20%,12126,0.07257133432294244,0.06539229664038713,0.4210485517978668,HK.00941,中国移动,0.33335074889257615
XGBoost,Top-30%,18190,0.07663551401869159,0.06747584107092683,0.41196030378341675,HK.00941,中国移动,0.33335074889257615
XGBoost,Top-10%（margin）,6063,0.07306613887514432,0.06434844402879826,0.13195669651031494,HK.00941,中国移动,0.33335074889257615
XGBoost,Top-20%（margin）,12126,0.08073560943427346,0.06967235774312709,0.1089792400598526,HK.00941,中国移动,0.33335074889257615
XGBoost,Top-30%（margin）,18190,0.08537658053875756,0.07249369895693786,0.09489671885967255,HK.00941,中国移动,0.33335074889257615
RandomForest,100%（全量）,60634,0.02414486921529175,0.031202332224371812,0.3542299097829536,HK.00941,中国移动,0.33335074889257615
RandomForest,Top-10%,6063,0.02061685634174501,0.021845766596340438,0.3605232187422146,HK.00941,中国移动,0.33335074889257615
RandomForest,Top-20%,12126,0.02383308593105723,0.030578983721287704,0.35897208527424507,HK.00941,中国移动,0.33335074889257615
RandomForest,Top-30%,18190,0.02358438702583837,0.0277195309054792,0.35800368270888955,HK.00941,中国移动,0.33335074889257615
RandomForest,Top-10%（margin）,6063,0.022925944252020453,0.031893025259927925,0.018124281197256283,HK.00941,中国移动,0.33335074889257615
RandomForest,Top-20%（margin）,12126,0.024740227610094014,0.033771952608480704,0.015548423071290786,HK.00941,中国移动,0.33335074889257615
RandomForest,Top-30%（margin）,18190,0.024024189114898297,0.03294025131316442,0.013937584832434695,HK.00941,中国移动,0.33335074889257615
LogisticRegression,100%（全量）,60634,0.06049411221426922,0.05684198125345954,0.36623784824478356,HK.00941,中国移动,0.33335074889257615
LogisticRegression,Top-10%,6063,0.031172686788718457,0.03726799851240609,0.4004757260639473,HK.00941,中国移动,0.33335074889257615
LogisticRegression,Top-20%,12126,0.03166749134092034,0.03729096498712136,0.39183883491111043,HK.00941,中国移动,0.33335074889257615
LogisticRegression,Top-30%,18190,0.032545354590434304,0.038222848689823424,0.3864944013941747,HK.00941,中国移动,0.33335074889257615
LogisticRegression,Top-10%（margin）,6063,0.0343064489526637,0.040393399796006625,0.08185291143420577,HK.00941,中国移动,0.33335074889257615
LogisticRegression,Top-20%（margin）,12126,0.034471383803397655,0.03973351362391604,0.06832115810448379,HK.00941,中国移动,0.33335074889257615
LogisticRegression,Top-30%（margin）,18190,0.036833424958768554,0.04109061971282132,0.059886510392956116,HK.00941,中国移动,0.33335074889257615
CNN-LSTM,100%（全量）,60634,0.5282514760695319,0.40652747974397246,0.42929187417030334,HK.03690,美团,0.3334089326912452
CNN-LSTM,Top-10%,6063,0.7930067623288801,0.4324277751790723,0.5594181418418884,HK.03690,美团,0.3334089326912452
CNN-LSTM,Top-20%,12126,0.7844301500907142,0.4363152790326237,0.5346501469612122,HK.03690,美团,0.3334089326912452
CNN-LSTM,Top-30%,18190,0.7385926333150082,0.45299306700903985,0.5145636200904846,HK.03690,美团,0.3334089326912452
CNN-LSTM,Top-10%（margin）,6063,0.8345703447138381,0.38528101903736417,0.32625633478164673,HK.03690,美团,0.3334089326912452
CNN-LSTM,Top-20%（margin）,12126,0.8242619165429655,0.3826290755102279,0.28869494795799255,HK.03690,美团,0.3334089326912452
CNN-LSTM,Top-30%（margin）,18190,0.7929631665750412,0.39880827472187635,0.25435519218444824,HK.03690,美团,0.3334089326912452
LSTM,100%（全量）,60634,0.540241448692153,0.40473247378290605,0.4107417166233063,HK.03690,美团,0.3334089326912452
LSTM,Top-10%,6063,0.8523833085931057,0.3230835700398096,0.5296144485473633,HK.03690,美团,0.3334089326912452
LSTM,Top-20%,12126,0.8269008741547089,0.3573725168318265,0.504734218120575,HK.03690,美团,0.3334089326912452
LSTM,Top-30%,18190,0.7949422759758109,0.39637080559955623,0.4859875440597534,HK.03690,美团,0.3334089326912452
LSTM,Top-10%（margin）,6063,0.8522183737423717,0.30673790442267734,0.2862931489944458,HK.03690,美团,0.3334089326912452
LSTM,Top-20%（margin）,12126,0.8381989114299851,0.3039928218932257,0.24975953996181488,HK.03690,美团,0.3334089326912452
LSTM,Top-30%（margin）,18190,0.8290819131390874,0.3021850861110276,0.22082048654556274,HK.03690,美团,0.3334089326912452
GRU,100%（全量）,60634,0.563215357720091,0.40890905818551054,0.4515596032142639,HK.03690,美团,0.3334089326912452
GRU,Top-10%,6063,0.777008081807686,0.45758314170380193,0.6227573752403259,HK.03690,美团,0.3334089326912452
GRU,Top-20%,12126,0.7657100445324097,0.4558133387328535,0.585984468460083,HK.03690,美团,0.3334089326912452
GRU,Top-30%,18190,0.7419461242440901,0.45527950084877444,0.5595152378082275,HK.03690,美团,0.3334089326912452
GRU,Top-10%（margin）,6063,0.8179119247897081,0.4246037842366654,0.4178449809551239,HK.03690,美团,0.3334089326912452
GRU,Top-20%（margin）,12126,0.7986145472538347,0.42127146755792344,0.3617208003997803,HK.03690,美团,0.3334089326912452
GRU,Top-30%（margin）,18190,0.7756459593183067,0.42559383413804847,0.3202100098133087,HK.03690,美团,0.3334089326912452
Transformer,100%（全量）,60634,0.5552990071577003,0.4070429212381284,0.48271700739860535,HK.03690,美团,0.3334089326912452
Transformer,Top-10%,6063,0.8241794491175986,0.4142603197352292,0.6398559212684631,HK.03690,美团,0.3334089326912452
Transformer,Top-20%,12126,0.8052119412831932,0.431424550203189,0.6101217865943909,HK.03690,美团,0.3334089326912452
Transformer,Top-30%,18190,0.7667949422759758,0.43199799895480107,0.5875051617622375,HK.03690,美团,0.3334089326912452
Transformer,Top-10%（margin）,6063,0.8424872175490681,0.36953409574143414,0.43773865699768066,HK.03690,美团,0.3334089326912452
Transformer,Top-20%（margin）,12126,0.8207982846775523,0.3789583514256139,0.389136403799057,HK.03690,美团,0.3334089326912452
Transformer,Top-30%（margin）,18190,0.7890599230346345,0.40130769269695693,0.35173237323760986,HK.03690,美团,0.3334089326912452
XGBoost,100%（全量）,60634,0.2669294455256127,0.25276747124022475,0.37131407856941223,HK.03690,美团,0.3334089326912452
XGBoost,Top-10%,6063,0.2627412172191984,0.26004612637133184,0.4263235330581665,HK.03690,美团,0.3334089326912452
XGBoost,Top-20%,12126,0.25515421408543626,0.2518923790912028,0.41094306111335754,HK.03690,美团,0.3334089326912452
XGBoost,Top-30%,18190,0.25118196811434856,0.24696287866843591,0.40176087617874146,HK.03690,美团,0.3334089326912452
XGBoost,Top-10%（margin）,6063,0.2582879762493815,0.2544517372762664,0.12012668699026108,HK.03690,美团,0.3334089326912452
XGBoost,Top-20%（margin）,12126,0.25218538677222496,0.24750337996643154,0.09727352857589722,HK.03690,美团,0.3334089326912452
XGBoost,Top-30%（margin）,18190,0.2530511269928532,0.24735697344820143,0.08369879424571991,HK.03690,美团,0.3334089326912452
RandomForest,100%（全量）,60634,0.15347824652835043,0.10062943847525774,0.3466632427789514,HK.03690,美团,0.3334089326912452
RandomForest,Top-10%,6063,0.19907636483588984,0.11845925857837096,0.3540350305042408,HK.03690,美团,0.3334089326912452
RandomForest,Top-20%,12126,0.1821705426356589,0.11006279747742805,0.3518338133612001,HK.03690,美团,0.3334089326912452
RandomForest,Top-30%,18190,0.17075316107751512,0.10381988986473502,0.35062182175810186,HK.03690,美团,0.3334089326912452
RandomForest,Top-10%（margin）,6063,0.19561273297047665,0.11042964299315922,0.02609471312529069,HK.03690,美团,0.3334089326912452
RandomForest,Top-20%（margin）,12126,0.17120237506185057,0.09891307221917178,0.023080093551894887,HK.03690,美团,0.3334089326912452
RandomForest,Top-30%（margin）,18190,0.16179219351291918,0.09427805677951566,0.021373354703875407,HK.03690,美团,0.3334089326912452
LogisticRegression,100%（全量）,60634,0.2642082000197909,0.24942184689236677,0.36185624368439573,HK.03690,美团,0.3334089326912452
LogisticRegression,Top-10%,6063,0.24393864423552697,0.24276791591540128,0.40554564159459183,HK.03690,美团,0.3334089326912452
LogisticRegression,Top-20%,12126,0.23857826158667325,0.23479839023193017,0.3920013788584173,HK.03690,美团,0.3334089326912452
LogisticRegression,Top-30%,18190,0.23897746014293567,0.23362339543576996,0.38472096236988323,HK.03690,美团,0.3334089326912452
LogisticRegression,Top-10%（margin）,6063,0.23354774863928748,0.2317084117500718,0.09089297399243186,HK.03690,美团,0.3334089326912452
LogisticRegression,Top-20%（margin）,12126,0.23486722744515917,0.2301549334109375,0.07178497296433611,HK.03690,美团,0.3334089326912452
LogisticRegression,Top-30%（margin）,18190,0.23589884551951623,0.22996489548613122,0.061273918505402904,HK.03690,美团,0.3334089326912452
CNN-LSTM,100%（全量）,60634,0.46656991127090414,0.3588641048735774,0.43888822197914124,HK.01211,比亚迪,0.3333362059386005
CNN-LSTM,Top-10%,6063,0.5677057562262906,0.43253467821006586,0.595144510269165,HK.01211,比亚迪,0.3333362059386005
CNN-LSTM,Top-20%,12126,0.5508824014514266,0.4164742985331762,0.5511713624000549,HK.01211,比亚迪,0.3333362059386005
CNN-LSTM,Top-30%,18190,0.5405717427157779,0.4072916035415446,0.5253221988677979,HK.01211,比亚迪,0.3333362059386005
CNN-LSTM,Top-10%（margin）,6063,0.586673264060696,0.42989598580076355,0.36816391348838806,HK.01211,比亚迪,0.3333362059386005
CNN-LSTM,Top-20%（margin）,12126,0.570592116114135,0.4169315252733834,0.3010164201259613,HK.01211,比亚迪,0.3333362059386005
CNN-LSTM,Top-30%（margin）,18190,0.5556899395272128,0.4044863388859134,0.26113975048065186,HK.01211,比亚迪,0.3333362059386005
LSTM,100%（全量）,60634,0.5191146881287726,0.3783894306871731,0.42639830708503723,HK.01211,比亚迪,0.3333362059386005
LSTM,Top-10%,6063,0.6712848424872175,0.4487621437258082,0.564789354801178,HK.01211,比亚迪,0.3333362059386005
LSTM,Top-20%,12126,0.644400461817582,0.4392128339557977,0.5276504158973694,HK.01211,比亚迪,0.3333362059386005
LSTM,Top-30%,18190,0.6206706981858163,0.4244970013067868,0.5049125552177429,HK.01211,比亚迪,0.3333362059386005
LSTM,Top-10%（margin）,6063,0.7159821870361207,0.43739049191544127,0.324189692735672,HK.01211,比亚迪,0.3333362059386005
LSTM,Top-20%（margin）,12126,0.6807685964044202,0.4252281476512376,0.267450213432312,HK.01211,比亚迪,0.3333362059386005
LSTM,Top-30%（margin）,18190,0.6525013743815283,0.41309241877355674,0.23203665018081665,HK.01211,比亚迪,0.3333362059386005
GRU,100%（全量）,60634,0.559009796483821,0.39070998997270284,0.42233744263648987,HK.01211,比亚迪,0.3333362059386005
GRU,Top-10%,6063,0.7341250206168564,0.4438059695513393,0.5610190629959106,HK.01211,比亚迪,0.3333362059386005
GRU,Top-20%,12126,0.7276100940128649,0.4393364995208948,0.5258587598800659,HK.01211,比亚迪,0.3333362059386005
GRU,Top-30%,18190,0.7137987905442551,0.4398831123198949,0.5035689473152161,HK.01211,比亚迪,0.3333362059386005
GRU,Top-10%（margin）,6063,0.7837704106877783,0.4240598455458599,0.32284989953041077,HK.01211,比亚迪,0.3333362059386005
GRU,Top-20%（margin）,12126,0.7704931552036945,0.4082386967061454,0.27011609077453613,HK.01211,比亚迪,0.3333362059386005
GRU,Top-30%（margin）,18190,0.7561847168774052,0.4161314324140594,0.2359282374382019,HK.01211,比亚迪,0.3333362059386005
Transformer,100%（全量）,60634,0.4674110235181581,0.36106871441742827,0.5072681307792664,HK.01211,比亚迪,0.3333362059386005
Transformer,Top-10%,6063,0.6754082137555666,0.45924565371651044,0.727818489074707,HK.01211,比亚迪,0.3333362059386005
Transformer,Top-20%,12126,0.5922810489856507,0.42372470626263753,0.6736429333686829,HK.01211,比亚迪,0.3333362059386005
Transformer,Top-30%,18190,0.5531610775151182,0.40607309679020687,0.6383451223373413,HK.01211,比亚迪,0.3333362059386005
Transformer,Top-10%（margin）,6063,0.6796965198746495,0.45697979220001744,0.5646790862083435,HK.01211,比亚迪,0.3333362059386005
Transformer,Top-20%（margin）,12126,0.6016823354774864,0.42553545946616594,0.4781290590763092,HK.01211,比亚迪,0.3333362059386005
Transformer,Top-30%（margin）,18190,0.5642660802638813,0.40944124712749996,0.4208419620990753,HK.01211,比亚迪,0.3333362059386005
XGBoost,100%（全量）,60634,0.22009103803146748,0.21602934807681037,0.36936166882514954,HK.01211,比亚迪,0.3333362059386005
XGBoost,Top-10%,6063,0.21491011050635,0.21645730696258034,0.4212019741535187,HK.01211,比亚迪,0.3333362059386005
XGBoost,Top-20%,12126,0.20567375886524822,0.20797388537290648,0.4064566195011139,HK.01211,比亚迪,0.3333362059386005
XGBoost,Top-30%,18190,0.20241891148982957,0.20435120653014718,0.39781272411346436,HK.01211,比亚迪,0.3333362059386005
XGBoost,Top-10%（margin）,6063,0.21095167408873494,0.2109894334912288,0.11312948912382126,HK.01211,比亚迪,0.3333362059386005
XGBoost,Top-20%（margin）,12126,0.20361207323107372,0.20581643385737206,0.09125928580760956,HK.01211,比亚迪,0.3333362059386005
XGBoost,Top-30%（margin）,18190,0.20153930731170974,0.20324091517055112,0.07843079417943954,HK.01211,比亚迪,0.3333362059386005
RandomForest,100%（全量）,60634,0.13944321667711185,0.12607424700074507,0.34650403504280863,HK.01211,比亚迪,0.3333362059386005
RandomForest,Top-10%,6063,0.18769586013524658,0.14843027014866658,0.35316360234766153,HK.01211,比亚迪,0.3333362059386005
RandomForest,Top-20%,12126,0.16551212271152896,0.1332386112459729,0.3511929487775174,HK.01211,比亚迪,0.3333362059386005
RandomForest,Top-30%,18190,0.15898845519516216,0.12794395459550795,0.35010822692443194,HK.01211,比亚迪,0.3333362059386005
RandomForest,Top-10%（margin）,6063,0.19033481774698993,0.14220529716327418,0.019454162317454175,HK.01211,比亚迪,0.3333362059386005
RandomForest,Top-20%（margin）,12126,0.17301665841992414,0.13121067873162787,0.016103172689806766,HK.01211,比亚迪,0.3333362059386005
RandomForest,Top-30%（margin）,18190,0.16201209455744914,0.12281841860448166,0.014213183147588621,HK.01211,比亚迪,0.3333362059386005
LogisticRegression,100%（全量）,60634,0.19985486690635618,0.20048774171982275,0.3665692961821936,HK.01211,比亚迪,0.3333362059386005
LogisticRegression,Top-10%,6063,0.22513607125185553,0.2270063484676471,0.42182908083708764,HK.01211,比亚迪,0.3333362059386005
LogisticRegression,Top-20%,12126,0.20179778987300018,0.20503062271375624,0.40324458758785525,HK.01211,比亚迪,0.3333362059386005
LogisticRegression,Top-30%,18190,0.19065420560747665,0.19444252593945022,0.3938717498049489,HK.01211,比亚迪,0.3333362059386005
LogisticRegression,Top-10%（margin）,6063,0.20996206498433118,0.21269206109320013,0.1114553453759323,HK.01211,比亚迪,0.3333362059386005
LogisticRegression,Top-20%（margin）,12126,0.1909120897245588,0.19401267330805452,0.0859285724343985,HK.01211,比亚迪,0.3333362059386005
LogisticRegression,Top-30%（margin）,18190,0.18614623419461243,0.18969944087051696,0.07274413196643058,HK.01211,比亚迪,0.3333362059386005
CNN-LSTM,100%（全量）,60634,0.7429824850743807,0.41100621948561505,0.48005396127700806,HK.00388,香港交易所,0.3333200753797311
CNN-LSTM,Top-10%,6063,0.9247897080653142,0.3646641746292354,0.6642279028892517,HK.00388,香港交易所,0.3333200753797311
CNN-LSTM,Top-20%,12126,0.9122546594095332,0.37510713783402955,0.6179642677307129,HK.00388,香港交易所,0.3333200753797311
CNN-LSTM,Top-30%,18190,0.8974161627267729,0.37973260319057983,0.5894975662231445,HK.00388,香港交易所,0.3333200753797311
CNN-LSTM,Top-10%（margin）,6063,0.9264390565726538,0.3411965591072231,0.4878029525279999,HK.00388,香港交易所,0.3333200753797311
CNN-LSTM,Top-20%（margin）,12126,0.9162130958271483,0.3585586444892203,0.41673117876052856,HK.00388,香港交易所,0.3333200753797311
CNN-LSTM,Top-30%（margin）,18190,0.9048927982407916,0.36671736289819495,0.3728007674217224,HK.00388,香港交易所,0.3333200753797311
LSTM,100%（全量）,60634,0.7437906125276248,0.3982426004864837,0.47960203886032104,HK.00388,香港交易所,0.3333200753797311
LSTM,Top-10%,6063,0.9000494804552202,0.4173992283686681,0.6543846726417542,HK.00388,香港交易所,0.3333200753797311
LSTM,Top-20%,12126,0.8969981857166419,0.41637959221987364,0.6099104881286621,HK.00388,香港交易所,0.3333200753797311
LSTM,Top-30%,18190,0.8921385376580538,0.4040299576480308,0.5834512710571289,HK.00388,香港交易所,0.3333200753797311
LSTM,Top-10%（margin）,6063,0.9102754412007257,0.4057914556537852,0.4722379446029663,HK.00388,香港交易所,0.3333200753797311
LSTM,Top-20%（margin）,12126,0.9063170047831107,0.4008089417936815,0.4044328033924103,HK.00388,香港交易所,0.3333200753797311
LSTM,Top-30%（margin）,18190,0.9018691588785047,0.39401173096721404,0.3638611137866974,HK.00388,香港交易所,0.3333200753797311
GRU,100%（全量）,60634,0.7399313916284593,0.4034716515592185,0.4609982371330261,HK.00388,香港交易所,0.3333200753797311
GRU,Top-10%,6063,0.9444169553026555,0.3281041351370336,0.6247048377990723,HK.00388,香港交易所,0.3333200753797311
GRU,Top-20%,12126,0.9353455385122876,0.3272234889423641,0.5883526802062988,HK.00388,香港交易所,0.3333200753797311
GRU,Top-30%,18190,0.9265530511269928,0.3272389607691354,0.5646368265151978,HK.00388,香港交易所,0.3333200753797311
GRU,Top-10%（margin）,6063,0.9445818901533894,0.3238337574215437,0.42930322885513306,HK.00388,香港交易所,0.3333200753797311
GRU,Top-20%（margin）,12126,0.9360877453405905,0.32232965597535174,0.3761098086833954,HK.00388,香港交易所,0.3333200753797311
GRU,Top-30%（margin）,18190,0.9269378779549203,0.3226410368806366,0.34106647968292236,HK.00388,香港交易所,0.3333200753797311
Transformer,100%（全量）,60634,0.7074083847346373,0.40058664544889666,0.4795815646648407,HK.00388,香港交易所,0.3333200753797311
Transformer,Top-10%,6063,0.9274286656770576,0.34661740637542904,0.6767082214355469,HK.00388,香港交易所,0.3333200753797311
Transformer,Top-20%,12126,0.9275936005277915,0.35089595444465,0.6314113736152649,HK.00388,香港交易所,0.3333200753797311
Transformer,Top-30%,18190,0.9207256734469489,0.3472481967512508,0.6011500954627991,HK.00388,香港交易所,0.3333200753797311
Transformer,Top-10%（margin）,6063,0.9322117763483424,0.33514960093283097,0.5092315077781677,HK.00388,香港交易所,0.3333200753797311
Transformer,Top-20%（margin）,12126,0.929572818736599,0.339472658030684,0.4405730664730072,HK.00388,香港交易所,0.3333200753797311
Transformer,Top-30%（margin）,18190,0.9221550302363937,0.3374016741199404,0.39432162046432495,HK.00388,香港交易所,0.3333200753797311
XGBoost,100%（全量）,60634,0.16970676518125144,0.15929541828807295,0.3710974156856537,HK.00388,香港交易所,0.3333200753797311
XGBoost,Top-10%,6063,0.14019462312386607,0.1453832587429746,0.4215851426124573,HK.00388,香港交易所,0.3333200753797311
XGBoost,Top-20%,12126,0.13706086095992084,0.14184802908932248,0.4079083800315857,HK.00388,香港交易所,0.3333200753797311
XGBoost,Top-30%,18190,0.13688840021990104,0.14097922334037227,0.3996298015117645,HK.00388,香港交易所,0.3333200753797311
XGBoost,Top-10%（margin）,6063,0.1396998185716642,0.14413869554025674,0.11336415261030197,HK.00388,香港交易所,0.3333200753797311
XGBoost,Top-20%（margin）,12126,0.140524492825334,0.14414760982476285,0.09261007606983185,HK.00388,香港交易所,0.3333200753797311
XGBoost,Top-30%（margin）,18190,0.14051676745464542,0.1427894321674046,0.08007694035768509,HK.00388,香港交易所,0.3333200753797311
RandomForest,100%（全量）,60634,0.0782894085826434,0.06418926443493293,0.35054682434661777,HK.00388,香港交易所,0.3333200753797311
RandomForest,Top-10%,6063,0.09186871185881577,0.06669889483710449,0.35615633593336643,HK.00388,香港交易所,0.3333200753797311
RandomForest,Top-20%,12126,0.08436417615042058,0.059501520184080565,0.3546892044066211,HK.00388,香港交易所,0.3333200753797311
RandomForest,Top-30%,18190,0.08031885651456844,0.058281031548740786,0.3538543396055911,HK.00388,香港交易所,0.3333200753797311
RandomForest,Top-10%（margin）,6063,0.09335312551542141,0.06025025272486748,0.022514023126928077,HK.00388,香港交易所,0.3333200753797311
RandomForest,Top-20%（margin）,12126,0.08271482764308098,0.055140029728107144,0.02000324756254356,HK.00388,香港交易所,0.3333200753797311
RandomForest,Top-30%（margin）,18190,0.07894447498625619,0.052093223580929215,0.01859035284792344,HK.00388,香港交易所,0.3333200753797311
LogisticRegression,100%（全量）,60634,0.14373123989840683,0.1406645258208946,0.36278916921625654,HK.00388,香港交易所,0.3333200753797311
LogisticRegression,Top-10%,6063,0.12271152894606631,0.1314279185660615,0.3997925850490888,HK.00388,香港交易所,0.3333200753797311
LogisticRegression,Top-20%,12126,0.11314530760349661,0.12122930174041381,0.38966139946072786,HK.00388,香港交易所,0.3333200753797311
LogisticRegression,Top-30%,18190,0.10962067069818582,0.11766539571855648,0.3836884261333711,HK.00388,香港交易所,0.3333200753797311
LogisticRegression,Top-10%（margin）,6063,0.12205178954313047,0.12956773875774313,0.08320131619305918,HK.00388,香港交易所,0.3333200753797311
LogisticRegression,Top-20%（margin）,12126,0.11388751443179944,0.12165558658107918,0.06824887364275964,HK.00388,香港交易所,0.3333200753797311
LogisticRegression,Top-30%（margin）,18190,0.11616272677295217,0.12220892739883682,0.05929130523980335,HK.00388,香港交易所,0.3333200753797311
