stock,model,model_display,regime,regime_name,n_samples,accuracy,f1_macro
HK.00700,lstm,LSTM,0,平稳期(<P50),19947,13.61,14.43
HK.00700,lstm,LSTM,1,正常期(P50-P90),15933,10.49,11.5
HK.00700,lstm,LSTM,2,高波动期(>P90),3994,11.72,12.49
HK.00700,cnn_lstm,CNN-LSTM,0,平稳期(<P50),19947,37.47,28.51
HK.00700,cnn_lstm,CNN-LSTM,1,正常期(P50-P90),15933,25.75,22.5
HK.00700,cnn_lstm,CNN-LSTM,2,高波动期(>P90),3994,17.25,17.32
HK.00700,transformer,Transformer,0,平稳期(<P50),19947,29.65,24.97
HK.00700,transformer,Transformer,1,正常期(P50-P90),15933,22.0,18.84
HK.00700,transformer,Transformer,2,高波动期(>P90),3994,14.22,13.15
HK.00700,pv_transformer,PV-Transformer,0,平稳期(<P50),19947,12.72,12.58
HK.00700,pv_transformer,PV-Transformer,1,正常期(P50-P90),15933,10.27,11.27
HK.00700,pv_transformer,PV-Transformer,2,高波动期(>P90),3994,12.69,13.64
HK.00700,xgboost,XGBoost,0,平稳期(<P50),19947,32.17,26.69
HK.00700,xgboost,XGBoost,1,正常期(P50-P90),15933,32.98,25.98
HK.00700,xgboost,XGBoost,2,高波动期(>P90),3994,29.52,24.97
HK.00005,lstm,LSTM,0,平稳期(<P50),19692,52.99,30.75
HK.00005,lstm,LSTM,1,正常期(P50-P90),15777,41.95,26.68
HK.00005,lstm,LSTM,2,高波动期(>P90),3949,14.33,13.87
HK.00005,cnn_lstm,CNN-LSTM,0,平稳期(<P50),19692,57.89,31.8
HK.00005,cnn_lstm,CNN-LSTM,1,正常期(P50-P90),15777,42.58,28.01
HK.00005,cnn_lstm,CNN-LSTM,2,高波动期(>P90),3949,18.97,17.0
HK.00005,transformer,Transformer,0,平稳期(<P50),19692,43.39,28.69
HK.00005,transformer,Transformer,1,正常期(P50-P90),15777,35.32,25.15
HK.00005,transformer,Transformer,2,高波动期(>P90),3949,21.9,18.09
HK.00005,pv_transformer,PV-Transformer,0,平稳期(<P50),19692,23.01,19.63
HK.00005,pv_transformer,PV-Transformer,1,正常期(P50-P90),15777,24.87,20.82
HK.00005,pv_transformer,PV-Transformer,2,高波动期(>P90),3949,27.53,21.29
HK.00005,xgboost,XGBoost,0,平稳期(<P50),19692,38.87,26.54
HK.00005,xgboost,XGBoost,1,正常期(P50-P90),15777,39.63,26.88
HK.00005,xgboost,XGBoost,2,高波动期(>P90),3949,39.55,25.91
HK.09988,lstm,LSTM,0,平稳期(<P50),19903,60.26,32.27
HK.09988,lstm,LSTM,1,正常期(P50-P90),15978,36.96,27.78
HK.09988,lstm,LSTM,2,高波动期(>P90),3994,25.41,21.59
HK.09988,cnn_lstm,CNN-LSTM,0,平稳期(<P50),19903,64.27,32.15
HK.09988,cnn_lstm,CNN-LSTM,1,正常期(P50-P90),15978,39.83,29.42
HK.09988,cnn_lstm,CNN-LSTM,2,高波动期(>P90),3994,16.02,15.65
HK.09988,transformer,Transformer,0,平稳期(<P50),19903,43.89,30.91
HK.09988,transformer,Transformer,1,正常期(P50-P90),15978,22.56,20.91
HK.09988,transformer,Transformer,2,高波动期(>P90),3994,22.76,21.82
HK.09988,pv_transformer,PV-Transformer,0,平稳期(<P50),19903,31.46,26.09
HK.09988,pv_transformer,PV-Transformer,1,正常期(P50-P90),15978,16.52,15.83
HK.09988,pv_transformer,PV-Transformer,2,高波动期(>P90),3994,14.47,14.46
HK.09988,xgboost,XGBoost,0,平稳期(<P50),19903,31.91,27.61
HK.09988,xgboost,XGBoost,1,正常期(P50-P90),15978,31.73,25.91
HK.09988,xgboost,XGBoost,2,高波动期(>P90),3994,29.04,25.32
HK.01810,lstm,LSTM,0,平稳期(<P50),19905,64.84,33.04
HK.01810,lstm,LSTM,1,正常期(P50-P90),15976,28.97,24.11
HK.01810,lstm,LSTM,2,高波动期(>P90),3994,15.15,15.19
HK.01810,cnn_lstm,CNN-LSTM,0,平稳期(<P50),19905,45.38,32.09
HK.01810,cnn_lstm,CNN-LSTM,1,正常期(P50-P90),15976,34.72,26.14
HK.01810,cnn_lstm,CNN-LSTM,2,高波动期(>P90),3994,20.01,20.41
HK.01810,transformer,Transformer,0,平稳期(<P50),19905,44.22,30.98
HK.01810,transformer,Transformer,1,正常期(P50-P90),15976,26.7,22.52
HK.01810,transformer,Transformer,2,高波动期(>P90),3994,18.93,19.57
HK.01810,pv_transformer,PV-Transformer,0,平稳期(<P50),19905,41.07,30.21
HK.01810,pv_transformer,PV-Transformer,1,正常期(P50-P90),15976,33.93,25.86
HK.01810,pv_transformer,PV-Transformer,2,高波动期(>P90),3994,30.07,27.66
HK.01810,xgboost,XGBoost,0,平稳期(<P50),19905,18.29,18.7
HK.01810,xgboost,XGBoost,1,正常期(P50-P90),15976,18.67,18.25
HK.01810,xgboost,XGBoost,2,高波动期(>P90),3994,23.71,22.93
HK.00939,lstm,LSTM,0,平稳期(<P50),19868,53.56,31.03
HK.00939,lstm,LSTM,1,正常期(P50-P90),15947,46.2,29.78
HK.00939,lstm,LSTM,2,高波动期(>P90),3987,35.14,29.38
HK.00939,cnn_lstm,CNN-LSTM,0,平稳期(<P50),19868,42.37,27.6
HK.00939,cnn_lstm,CNN-LSTM,1,正常期(P50-P90),15947,35.08,25.53
HK.00939,cnn_lstm,CNN-LSTM,2,高波动期(>P90),3987,21.6,21.47
HK.00939,transformer,Transformer,0,平稳期(<P50),19868,48.19,29.41
HK.00939,transformer,Transformer,1,正常期(P50-P90),15947,39.28,26.39
HK.00939,transformer,Transformer,2,高波动期(>P90),3987,27.74,24.69
HK.00939,pv_transformer,PV-Transformer,0,平稳期(<P50),19868,16.13,14.56
HK.00939,pv_transformer,PV-Transformer,1,正常期(P50-P90),15947,12.7,12.77
HK.00939,pv_transformer,PV-Transformer,2,高波动期(>P90),3987,13.49,14.48
HK.00939,xgboost,XGBoost,0,平稳期(<P50),19868,84.43,32.32
HK.00939,xgboost,XGBoost,1,正常期(P50-P90),15947,79.95,32.6
HK.00939,xgboost,XGBoost,2,高波动期(>P90),3987,68.87,31.92
HK.01299,lstm,LSTM,0,平稳期(<P50),19840,49.73,32.66
HK.01299,lstm,LSTM,1,正常期(P50-P90),15894,17.81,17.64
HK.01299,lstm,LSTM,2,高波动期(>P90),3978,10.33,10.83
HK.01299,cnn_lstm,CNN-LSTM,0,平稳期(<P50),19840,43.34,30.98
HK.01299,cnn_lstm,CNN-LSTM,1,正常期(P50-P90),15894,20.96,19.33
HK.01299,cnn_lstm,CNN-LSTM,2,高波动期(>P90),3978,12.09,12.77
HK.01299,transformer,Transformer,0,平稳期(<P50),19840,22.94,22.43
HK.01299,transformer,Transformer,1,正常期(P50-P90),15894,13.65,14.43
HK.01299,transformer,Transformer,2,高波动期(>P90),3978,10.46,11.68
HK.01299,pv_transformer,PV-Transformer,0,平稳期(<P50),19840,16.32,15.94
HK.01299,pv_transformer,PV-Transformer,1,正常期(P50-P90),15894,11.88,12.67
HK.01299,pv_transformer,PV-Transformer,2,高波动期(>P90),3978,11.56,12.01
HK.01299,xgboost,XGBoost,0,平稳期(<P50),19840,32.17,27.76
HK.01299,xgboost,XGBoost,1,正常期(P50-P90),15894,33.41,26.3
HK.01299,xgboost,XGBoost,2,高波动期(>P90),3978,30.42,24.55
HK.00941,lstm,LSTM,0,平稳期(<P50),19902,53.91,31.41
HK.00941,lstm,LSTM,1,正常期(P50-P90),15934,45.88,29.36
HK.00941,lstm,LSTM,2,高波动期(>P90),3989,45.78,32.76
HK.00941,cnn_lstm,CNN-LSTM,0,平稳期(<P50),19902,47.56,30.19
HK.00941,cnn_lstm,CNN-LSTM,1,正常期(P50-P90),15934,47.18,30.87
HK.00941,cnn_lstm,CNN-LSTM,2,高波动期(>P90),3989,37.6,29.74
HK.00941,transformer,Transformer,0,平稳期(<P50),19902,30.84,23.72
HK.00941,transformer,Transformer,1,正常期(P50-P90),15934,30.48,23.14
HK.00941,transformer,Transformer,2,高波动期(>P90),3989,32.01,24.49
HK.00941,pv_transformer,PV-Transformer,0,平稳期(<P50),19902,14.79,14.81
HK.00941,pv_transformer,PV-Transformer,1,正常期(P50-P90),15934,14.84,15.22
HK.00941,pv_transformer,PV-Transformer,2,高波动期(>P90),3989,15.99,16.18
HK.00941,xgboost,XGBoost,0,平稳期(<P50),19902,14.02,14.14
HK.00941,xgboost,XGBoost,1,正常期(P50-P90),15934,15.21,15.31
HK.00941,xgboost,XGBoost,2,高波动期(>P90),3989,17.12,17.17
HK.03690,lstm,LSTM,0,平稳期(<P50),19909,53.51,32.49
HK.03690,lstm,LSTM,1,正常期(P50-P90),15972,29.14,24.02
HK.03690,lstm,LSTM,2,高波动期(>P90),3994,17.25,17.76
HK.03690,cnn_lstm,CNN-LSTM,0,平稳期(<P50),19909,42.52,31.41
HK.03690,cnn_lstm,CNN-LSTM,1,正常期(P50-P90),15972,23.64,21.34
HK.03690,cnn_lstm,CNN-LSTM,2,高波动期(>P90),3994,14.1,13.64
HK.03690,transformer,Transformer,0,平稳期(<P50),19909,40.27,29.7
HK.03690,transformer,Transformer,1,正常期(P50-P90),15972,23.99,21.45
HK.03690,transformer,Transformer,2,高波动期(>P90),3994,19.08,18.86
HK.03690,pv_transformer,PV-Transformer,0,平稳期(<P50),19909,34.21,28.08
HK.03690,pv_transformer,PV-Transformer,1,正常期(P50-P90),15972,22.56,20.52
HK.03690,pv_transformer,PV-Transformer,2,高波动期(>P90),3994,15.97,16.42
HK.03690,xgboost,XGBoost,0,平稳期(<P50),19909,28.06,25.61
HK.03690,xgboost,XGBoost,1,正常期(P50-P90),15972,28.38,24.09
HK.03690,xgboost,XGBoost,2,高波动期(>P90),3994,31.25,27.06
HK.01211,lstm,LSTM,0,平稳期(<P50),19918,54.24,32.82
HK.01211,lstm,LSTM,1,正常期(P50-P90),15961,30.83,24.61
HK.01211,lstm,LSTM,2,高波动期(>P90),3994,15.72,15.51
HK.01211,cnn_lstm,CNN-LSTM,0,平稳期(<P50),19918,55.49,33.07
HK.01211,cnn_lstm,CNN-LSTM,1,正常期(P50-P90),15961,39.05,28.07
HK.01211,cnn_lstm,CNN-LSTM,2,高波动期(>P90),3994,19.63,19.59
HK.01211,transformer,Transformer,0,平稳期(<P50),19918,25.84,23.69
HK.01211,transformer,Transformer,1,正常期(P50-P90),15961,19.95,18.53
HK.01211,transformer,Transformer,2,高波动期(>P90),3994,16.27,16.49
HK.01211,pv_transformer,PV-Transformer,0,平稳期(<P50),19918,35.89,28.87
HK.01211,pv_transformer,PV-Transformer,1,正常期(P50-P90),15961,26.02,22.37
HK.01211,pv_transformer,PV-Transformer,2,高波动期(>P90),3994,15.35,15.38
HK.01211,xgboost,XGBoost,0,平稳期(<P50),19918,26.1,24.37
HK.01211,xgboost,XGBoost,1,正常期(P50-P90),15961,23.04,20.75
HK.01211,xgboost,XGBoost,2,高波动期(>P90),3994,29.27,26.06
HK.00388,lstm,LSTM,0,平稳期(<P50),19904,11.64,12.63
HK.00388,lstm,LSTM,1,正常期(P50-P90),15932,11.05,12.02
HK.00388,lstm,LSTM,2,高波动期(>P90),3981,12.74,13.88
HK.00388,cnn_lstm,CNN-LSTM,0,平稳期(<P50),19904,15.72,15.88
HK.00388,cnn_lstm,CNN-LSTM,1,正常期(P50-P90),15932,13.32,14.0
HK.00388,cnn_lstm,CNN-LSTM,2,高波动期(>P90),3981,13.56,14.54
HK.00388,transformer,Transformer,0,平稳期(<P50),19904,17.51,17.6
HK.00388,transformer,Transformer,1,正常期(P50-P90),15932,12.16,13.06
HK.00388,transformer,Transformer,2,高波动期(>P90),3981,13.46,14.45
HK.00388,pv_transformer,PV-Transformer,0,平稳期(<P50),19904,20.78,18.57
HK.00388,pv_transformer,PV-Transformer,1,正常期(P50-P90),15932,15.05,15.64
HK.00388,pv_transformer,PV-Transformer,2,高波动期(>P90),3981,13.79,14.44
HK.00388,xgboost,XGBoost,0,平稳期(<P50),19904,20.17,19.21
HK.00388,xgboost,XGBoost,1,正常期(P50-P90),15932,22.92,21.55
HK.00388,xgboost,XGBoost,2,高波动期(>P90),3981,25.6,23.39
