股票代码,股票名称,行业,特征,特征类别,XGBoost_SHAP,CNN_LSTM_SHAP,平均SHAP
HK.00700,腾讯控股,科技,kline_position,K线形态,0.046301629566612275,0.056511956296145124,0.0514067929313787
HK.00700,腾讯控股,科技,range_pct,K线形态,0.06315177819521096,0.043038045948582335,0.05309491207189665
HK.00700,腾讯控股,科技,return_1,价格动量,0.054189212263801606,0.02740715466229449,0.040798183463048046
HK.00700,腾讯控股,科技,return_5,价格动量,0.046557531801514465,0.03037918742792062,0.03846835961471754
HK.00700,腾讯控股,科技,return_20,价格动量,0.031780889982983576,0.08064853718539013,0.05621471358418685
HK.00700,腾讯控股,科技,return_60,价格动量,0.021043936971468277,0.030625098411266025,0.025834517691367152
HK.00700,腾讯控股,科技,return_zscore,价格动量,0.08123172906815682,0.04289033334806559,0.062061031208111204
HK.00700,腾讯控股,科技,atr_pct,波动率,0.028561414179043607,0.03612288825655357,0.032342151217798584
HK.00700,腾讯控股,科技,volatility_20,波动率,0.035501216335549694,0.01943164655589871,0.0274664314457242
HK.00700,腾讯控股,科技,ti,成交不平衡,0.05926979594348387,0.049042610456444743,0.05415620319996431
HK.00700,腾讯控股,科技,ti_5,成交不平衡,0.07056593747565407,0.05005076763702645,0.06030835255634026
HK.00700,腾讯控股,科技,ti_60,成交不平衡,0.026419378571576304,0.08170853435613508,0.05406395646385569
HK.00700,腾讯控股,科技,ti_zscore,成交不平衡,0.019798171288746263,0.07051488837652675,0.04515652983263651
HK.00700,腾讯控股,科技,relative_volume,成交量,0.05516067822704871,0.10412505210198857,0.07964286516451864
HK.00700,腾讯控股,科技,volume_change,成交量,0.042833067166229054,0.020816641590275457,0.031824854378252256
HK.00700,腾讯控股,科技,pv_corr,成交量,0.05553083502041438,0.012972610693723331,0.03425172285706886
HK.00700,腾讯控股,科技,rsi,技术指标,0.03038583319453593,0.018414459855875184,0.024400146525205557
HK.00700,腾讯控股,科技,bb_position,技术指标,0.07928880940855328,0.04059126472053767,0.059940037064545475
HK.00700,腾讯控股,科技,macd_dif,技术指标,0.10634136414409893,0.11826378712101371,0.11230257563255633
HK.00700,腾讯控股,科技,macd_dea,技术指标,0.0,0.0,0.0
HK.00700,腾讯控股,科技,macd,技术指标,0.04592977267882602,0.0334153295361614,0.03967255110749371
HK.00700,腾讯控股,科技,market_regime,市场状态,0.0001570185164919308,0.033029205462175144,0.016593111989333536
HK.00005,汇丰控股,金融,kline_position,K线形态,0.01961017956984795,0.04327375137357189,0.031441965471709916
HK.00005,汇丰控股,金融,range_pct,K线形态,0.034512287550025104,0.048122669814791096,0.0413174786824081
HK.00005,汇丰控股,金融,return_1,价格动量,0.014732905664993001,0.023093108645653476,0.01891300715532324
HK.00005,汇丰控股,金融,return_5,价格动量,0.029432322200752793,0.022016512155683125,0.02572441717821796
HK.00005,汇丰控股,金融,return_20,价格动量,0.03035453094355129,0.014388345452084856,0.022371438197818075
HK.00005,汇丰控股,金融,return_60,价格动量,0.029577197976063743,0.015743279876319714,0.022660238926191727
HK.00005,汇丰控股,金融,return_zscore,价格动量,0.08329384168268565,0.06735236147224441,0.07532310157746502
HK.00005,汇丰控股,金融,atr_pct,波动率,0.06146092659016239,0.015735010219270838,0.03859796840471662
HK.00005,汇丰控股,金融,volatility_20,波动率,0.05377619416800758,0.0182275711627208,0.03600188266536419
HK.00005,汇丰控股,金融,ti,成交不平衡,0.06296299287327727,0.03247136245564417,0.04771717766446072
HK.00005,汇丰控股,金融,ti_5,成交不平衡,0.06438464413260257,0.03992296070650623,0.052153802419554404
HK.00005,汇丰控股,金融,ti_60,成交不平衡,0.03413435100687468,0.12940718125144543,0.08177076612916005
HK.00005,汇丰控股,金融,ti_zscore,成交不平衡,0.027862722685790292,0.059700777645900295,0.04378175016584529
HK.00005,汇丰控股,金融,relative_volume,成交量,0.07090512132256707,0.13400013970819333,0.1024526305153802
HK.00005,汇丰控股,金融,volume_change,成交量,0.044362423746467004,0.024792904118125514,0.03457766393229626
HK.00005,汇丰控股,金融,pv_corr,成交量,0.059158381056202816,0.013453204794012323,0.03630579292510757
HK.00005,汇丰控股,金融,rsi,技术指标,0.030850604147897195,0.02312306118487865,0.026986832666387923
HK.00005,汇丰控股,金融,bb_position,技术指标,0.0846519607064222,0.04136580874185901,0.0630088847241406
HK.00005,汇丰控股,金融,macd_dif,技术指标,0.09685856410073691,0.1454867522028241,0.1211726581517805
HK.00005,汇丰控股,金融,macd_dea,技术指标,0.0,0.0,0.0
HK.00005,汇丰控股,金融,macd,技术指标,0.06710140107411482,0.07573321821389213,0.07141730964400347
HK.00005,汇丰控股,金融,market_regime,市场状态,1.6446800957487053e-05,0.01259001880437868,0.006303232802668084
HK.09988,阿里巴巴,科技,kline_position,K线形态,0.029630596631978524,0.07566878454947458,0.05264969059072655
HK.09988,阿里巴巴,科技,range_pct,K线形态,0.06174138718056869,0.0831450066134692,0.07244319689701895
HK.09988,阿里巴巴,科技,return_1,价格动量,0.048440893949215025,0.026328396095825105,0.03738464502252006
HK.09988,阿里巴巴,科技,return_5,价格动量,0.045889651906605475,0.021226534523994645,0.03355809321530006
HK.09988,阿里巴巴,科技,return_20,价格动量,0.03886127696309891,0.03845648453888678,0.038658880750992844
HK.09988,阿里巴巴,科技,return_60,价格动量,0.034668601870626974,0.023838974396739224,0.0292537881336831
HK.09988,阿里巴巴,科技,return_zscore,价格动量,0.07212942096968177,0.09252357586874745,0.0823264984192146
HK.09988,阿里巴巴,科技,atr_pct,波动率,0.027007434647662875,0.049429349181236745,0.03821839191444981
HK.09988,阿里巴巴,科技,volatility_20,波动率,0.03642103460283712,0.014726997796903434,0.025574016199870278
HK.09988,阿里巴巴,科技,ti,成交不平衡,0.05272328931006454,0.061073018890399525,0.05689815410023204
HK.09988,阿里巴巴,科技,ti_5,成交不平衡,0.05690175734246726,0.06147299602069887,0.05918737668158307
HK.09988,阿里巴巴,科技,ti_60,成交不平衡,0.02351354454373482,0.037357888337830394,0.030435716440782606
HK.09988,阿里巴巴,科技,ti_zscore,成交不平衡,0.017102601844927196,0.03444134356569718,0.025771972705312188
HK.09988,阿里巴巴,科技,relative_volume,成交量,0.04433709003842424,0.05652351883800058,0.050430304438212406
HK.09988,阿里巴巴,科技,volume_change,成交量,0.0929271718030381,0.04133911881491604,0.06713314530897707
HK.09988,阿里巴巴,科技,pv_corr,成交量,0.0794379940660189,0.01515509246056749,0.047296543263293196
HK.09988,阿里巴巴,科技,rsi,技术指标,0.04225743806096312,0.03614086048464788,0.0391991492728055
HK.09988,阿里巴巴,科技,bb_position,技术指标,0.08237612350136873,0.05158213640724217,0.06697912995430545
HK.09988,阿里巴巴,科技,macd_dif,技术指标,0.06519716297744793,0.09729410985132005,0.08124563641438398
HK.09988,阿里巴巴,科技,macd_dea,技术指标,0.0,0.0,0.0
HK.09988,阿里巴巴,科技,macd,技术指标,0.04801996515982942,0.037627252754653895,0.04282360895724166
HK.09988,阿里巴巴,科技,market_regime,市场状态,0.00041556262944042845,0.044648560008748735,0.022532061319094583
HK.01810,小米集团,科技,kline_position,K线形态,0.01869875461393748,0.03126862541636819,0.024983690015152833
HK.01810,小米集团,科技,range_pct,K线形态,0.08069240122749104,0.05145580209312218,0.06607410166030661
HK.01810,小米集团,科技,return_1,价格动量,0.024127619659159147,0.026175750118649442,0.025151684888904294
HK.01810,小米集团,科技,return_5,价格动量,0.03413590783407897,0.03856722962959924,0.036351568731839104
HK.01810,小米集团,科技,return_20,价格动量,0.03214208542389133,0.04395878487532516,0.03805043514960825
HK.01810,小米集团,科技,return_60,价格动量,0.030302643862926283,0.02345516120590029,0.026878902534413288
HK.01810,小米集团,科技,return_zscore,价格动量,0.06672019222592283,0.062369949498087926,0.06454507086200538
HK.01810,小米集团,科技,atr_pct,波动率,0.07251068845589477,0.06153142320391768,0.06702105582990622
HK.01810,小米集团,科技,volatility_20,波动率,0.05565769660912438,0.03468929862125329,0.04517349761518884
HK.01810,小米集团,科技,ti,成交不平衡,0.054107751946791904,0.058823472375504976,0.05646561216114844
HK.01810,小米集团,科技,ti_5,成交不平衡,0.05265714622296478,0.04134038856828767,0.04699876739562622
HK.01810,小米集团,科技,ti_60,成交不平衡,0.043801816109593904,0.05903268669591314,0.05141725140275352
HK.01810,小米集团,科技,ti_zscore,成交不平衡,0.03490900951576035,0.10966998531932962,0.07228949741754498
HK.01810,小米集团,科技,relative_volume,成交量,0.07357982211627792,0.09518810641940821,0.08438396426784306
HK.01810,小米集团,科技,volume_change,成交量,0.058083810569965214,0.020711527864546372,0.03939766921725579
HK.01810,小米集团,科技,pv_corr,成交量,0.06183902417155485,0.014652139803947415,0.03824558198775113
HK.01810,小米集团,科技,rsi,技术指标,0.02946231296118073,0.017753397551860606,0.02360785525652067
HK.01810,小米集团,科技,bb_position,技术指标,0.06834609466874988,0.05354468210732736,0.06094538838803862
HK.01810,小米集团,科技,macd_dif,技术指标,0.05613478794274029,0.10752528437830804,0.08183003616052416
HK.01810,小米集团,科技,macd_dea,技术指标,0.0,0.0,0.0
HK.01810,小米集团,科技,macd,技术指标,0.051983025021320434,0.02782930022515747,0.039906162623238955
HK.01810,小米集团,科技,market_regime,市场状态,0.00010740884067349375,0.020457004028185788,0.01028220643442964
HK.00939,建设银行,金融,kline_position,K线形态,0.017749093251265023,0.04664022920617741,0.032194661228721215
HK.00939,建设银行,金融,range_pct,K线形态,0.023452808310279634,0.03781858891692731,0.030635698613603473
HK.00939,建设银行,金融,return_1,价格动量,0.006450436667185682,0.02231236439343712,0.014381400530311401
HK.00939,建设银行,金融,return_5,价格动量,0.021699977515824823,0.03599155683288381,0.028845767174354317
HK.00939,建设银行,金融,return_20,价格动量,0.02612976096928078,0.03345535962461315,0.029792560296946963
HK.00939,建设银行,金融,return_60,价格动量,0.03608257156234463,0.03308747049001899,0.034585021026181814
HK.00939,建设银行,金融,return_zscore,价格动量,0.08735415406355984,0.07386678422484486,0.08061046914420235
HK.00939,建设银行,金融,atr_pct,波动率,0.04466073611249445,0.016555799903953387,0.03060826800822392
HK.00939,建设银行,金融,volatility_20,波动率,0.044647608670564894,0.028703482956399497,0.036675545813482195
HK.00939,建设银行,金融,ti,成交不平衡,0.0649302429211831,0.06600989431048551,0.0654700686158343
HK.00939,建设银行,金融,ti_5,成交不平衡,0.06600830295789586,0.07056122817067584,0.06828476556428585
HK.00939,建设银行,金融,ti_60,成交不平衡,0.04264656759300542,0.08494856689042424,0.06379756724171483
HK.00939,建设银行,金融,ti_zscore,成交不平衡,0.03127710836519475,0.09218315541130875,0.06173013188825175
HK.00939,建设银行,金融,relative_volume,成交量,0.06802950088356528,0.08303782375118281,0.07553366231737405
HK.00939,建设银行,金融,volume_change,成交量,0.06015172414389277,0.017210830019850153,0.03868127708187146
HK.00939,建设银行,金融,pv_corr,成交量,0.07586641284287873,0.021784404898309056,0.048825408870593896
HK.00939,建设银行,金融,rsi,技术指标,0.031045958309767602,0.034863135699816535,0.03295454700479207
HK.00939,建设银行,金融,bb_position,技术指标,0.09220253342285524,0.03708765592132701,0.06464509467209112
HK.00939,建设银行,金融,macd_dif,技术指标,0.09606822370936359,0.12166657379759224,0.10886739875347792
HK.00939,建设银行,金融,macd_dea,技术指标,0.0,0.0,0.0
HK.00939,建设银行,金融,macd,技术指标,0.06320779155928423,0.03451822858256238,0.04886301007092331
HK.00939,建设银行,金融,market_regime,市场状态,0.00033848616831371354,0.007696865997209991,0.0040176760827618525
HK.01299,友邦保险,金融,kline_position,K线形态,0.021432046892497364,0.03686367207826395,0.029147859485380657
HK.01299,友邦保险,金融,range_pct,K线形态,0.055786586239487373,0.035676412681768556,0.04573149946062796
HK.01299,友邦保险,金融,return_1,价格动量,0.044440583510770376,0.017516386647839794,0.030978485079305083
HK.01299,友邦保险,金融,return_5,价格动量,0.04999428144679475,0.03968771923676856,0.04484100034178165
HK.01299,友邦保险,金融,return_20,价格动量,0.034052664999069615,0.08599117869545939,0.0600219218472645
HK.01299,友邦保险,金融,return_60,价格动量,0.02947991190963277,0.029457431158766194,0.02946867153419948
HK.01299,友邦保险,金融,return_zscore,价格动量,0.07622716716293043,0.04371237387395354,0.05996977051844199
HK.01299,友邦保险,金融,atr_pct,波动率,0.045769809248350425,0.0545526337012144,0.050161221474782414
HK.01299,友邦保险,金融,volatility_20,波动率,0.05273161266024147,0.07658067377978016,0.06465614322001081
HK.01299,友邦保险,金融,ti,成交不平衡,0.06227588179953421,0.0829020546600358,0.072588968229785
HK.01299,友邦保险,金融,ti_5,成交不平衡,0.06082156363705336,0.03130962564635532,0.04606559464170434
HK.01299,友邦保险,金融,ti_60,成交不平衡,0.02095670395069936,0.07700392642583338,0.04898031518826637
HK.01299,友邦保险,金融,ti_zscore,成交不平衡,0.023425180667231614,0.08069944247946267,0.05206231157334715
HK.01299,友邦保险,金融,relative_volume,成交量,0.04128300754375785,0.11468175012508638,0.07798237883442212
HK.01299,友邦保险,金融,volume_change,成交量,0.052159158555519884,0.01288869994363683,0.03252392924957836
HK.01299,友邦保险,金融,pv_corr,成交量,0.06547311289821144,0.014388206881592853,0.039930659889902145
HK.01299,友邦保险,金融,rsi,技术指标,0.03027335156458805,0.017580564176877065,0.023926957870732558
HK.01299,友邦保险,金融,bb_position,技术指标,0.07593215065075547,0.02976645195002133,0.052849301300388396
HK.01299,友邦保险,金融,macd_dif,技术指标,0.0979006688538088,0.06466984271554736,0.08128525578467807
HK.01299,友邦保险,金融,macd_dea,技术指标,0.0,0.0,0.0
HK.01299,友邦保险,金融,macd,技术指标,0.059201260186007,0.03175780103454178,0.04547953061027439
HK.01299,友邦保险,金融,market_regime,市场状态,0.0003832956230585415,0.02231315210719453,0.011348223865126536
HK.00941,中国移动,通信,kline_position,K线形态,0.01799300912754826,0.03881275434689014,0.0284028817372192
HK.00941,中国移动,通信,range_pct,K线形态,0.03774294041949691,0.02318902918963439,0.03046598480456565
HK.00941,中国移动,通信,return_1,价格动量,0.012444655181493878,0.0182887317950384,0.015366693488266138
HK.00941,中国移动,通信,return_5,价格动量,0.019456330157547757,0.018984202571088488,0.019220266364318124
HK.00941,中国移动,通信,return_20,价格动量,0.025956732061171134,0.03104203963719009,0.02849938584918061
HK.00941,中国移动,通信,return_60,价格动量,0.025350116609223882,0.010225821870624357,0.01778796923992412
HK.00941,中国移动,通信,return_zscore,价格动量,0.09141554834004235,0.05962070616671058,0.07551812725337646
HK.00941,中国移动,通信,atr_pct,波动率,0.06402790017050898,0.010292053984255891,0.03715997707738244
HK.00941,中国移动,通信,volatility_20,波动率,0.043985713888912724,0.008339808402149252,0.02616276114553099
HK.00941,中国移动,通信,ti,成交不平衡,0.0610100125183292,0.08586987076491273,0.07343994164162096
HK.00941,中国移动,通信,ti_5,成交不平衡,0.07704711608735537,0.06734799861569704,0.0721975573515262
HK.00941,中国移动,通信,ti_60,成交不平衡,0.028533587211102853,0.10806881048461661,0.06830119884785973
HK.00941,中国移动,通信,ti_zscore,成交不平衡,0.020955798644995187,0.06943103550625847,0.045193417075626824
HK.00941,中国移动,通信,relative_volume,成交量,0.05433886021143369,0.12254363331828888,0.08844124676486129
HK.00941,中国移动,通信,volume_change,成交量,0.05250741928010494,0.02853299134436267,0.040520205312233805
HK.00941,中国移动,通信,pv_corr,成交量,0.07557990074524333,0.01936478531972909,0.04747234303248621
HK.00941,中国移动,通信,rsi,技术指标,0.031173744710947845,0.018202824422688096,0.024688284566817972
HK.00941,中国移动,通信,bb_position,技术指标,0.08631291519844844,0.06294720098333645,0.07463005809089245
HK.00941,中国移动,通信,macd_dif,技术指标,0.10382522867698878,0.156867308442795,0.1303462685598919
HK.00941,中国移动,通信,macd_dea,技术指标,0.0,0.0,0.0
HK.00941,中国移动,通信,macd,技术指标,0.07025806558188454,0.030745499168800858,0.050501782375342696
HK.00941,中国移动,通信,market_regime,市场状态,8.440517721990154e-05,0.011282893664932424,0.0056836494210761625
HK.03690,美团,科技,kline_position,K线形态,0.03667643929818778,0.0573774629180136,0.04702695110810069
HK.03690,美团,科技,range_pct,K线形态,0.06337576064494725,0.05650251762494081,0.05993913913494403
HK.03690,美团,科技,return_1,价格动量,0.04188814709098555,0.027072046088684947,0.03448009658983525
HK.03690,美团,科技,return_5,价格动量,0.041621672578312896,0.019724817435023224,0.03067324500666806
HK.03690,美团,科技,return_20,价格动量,0.0271683192008323,0.023611062228939866,0.02538969071488608
HK.03690,美团,科技,return_60,价格动量,0.021707203252561622,0.019698655951279377,0.0207029296019205
HK.03690,美团,科技,return_zscore,价格动量,0.07384951423763561,0.07894083296197107,0.07639517359980334
HK.03690,美团,科技,atr_pct,波动率,0.05105272661612872,0.02504710081672441,0.03804991371642656
HK.03690,美团,科技,volatility_20,波动率,0.04549757705195435,0.053754269965902414,0.04962592350892838
HK.03690,美团,科技,ti,成交不平衡,0.04870612044332966,0.043478202124987875,0.04609216128415877
HK.03690,美团,科技,ti_5,成交不平衡,0.05941781360185128,0.05604273286317467,0.05773027323251297
HK.03690,美团,科技,ti_60,成交不平衡,0.009906351469513536,0.017101585488512004,0.01350396847901277
HK.03690,美团,科技,ti_zscore,成交不平衡,0.008398059418932277,0.015101613196286733,0.011749836307609505
HK.03690,美团,科技,relative_volume,成交量,0.020841148526385654,0.014519632364045243,0.01768039044521545
HK.03690,美团,科技,volume_change,成交量,0.08869180081536053,0.04970765304047567,0.06919972692791809
HK.03690,美团,科技,pv_corr,成交量,0.08745236786588786,0.028818918208425335,0.0581356430371566
HK.03690,美团,科技,rsi,技术指标,0.048529233731685766,0.03847242231904695,0.04350082802536635
HK.03690,美团,科技,bb_position,技术指标,0.07211986186627553,0.057196145513802144,0.06465800369003884
HK.03690,美团,科技,macd_dif,技术指标,0.09620534547815011,0.25439323490159954,0.17529929018987483
HK.03690,美团,科技,macd_dea,技术指标,0.0,0.0,0.0
HK.03690,美团,科技,macd,技术指标,0.05651044975842264,0.033021611747592036,0.044766030753007335
HK.03690,美团,科技,market_regime,市场状态,0.0003840870526591052,0.030417482240572252,0.015400784646615678
HK.01211,比亚迪,汽车,kline_position,K线形态,0.036709425497593186,0.04004251444590646,0.03837596997174982
HK.01211,比亚迪,汽车,range_pct,K线形态,0.0590770942242407,0.03254277944880382,0.045809936836522264
HK.01211,比亚迪,汽车,return_1,价格动量,0.04220910837163828,0.015867411664752556,0.029038260018195417
HK.01211,比亚迪,汽车,return_5,价格动量,0.04180894753205596,0.04289266059662895,0.042350804064342454
HK.01211,比亚迪,汽车,return_20,价格动量,0.031277835246742366,0.10635772395890915,0.06881777960282576
HK.01211,比亚迪,汽车,return_60,价格动量,0.03179075752175021,0.038458837779910195,0.0351247976508302
HK.01211,比亚迪,汽车,return_zscore,价格动量,0.08087240797125608,0.05135411682375961,0.06611326239750784
HK.01211,比亚迪,汽车,atr_pct,波动率,0.032122015507155634,0.022027678558703412,0.027074847032929523
HK.01211,比亚迪,汽车,volatility_20,波动率,0.06163616789759776,0.023503704471142747,0.04256993618437025
HK.01211,比亚迪,汽车,ti,成交不平衡,0.0554648764682043,0.04198026094724445,0.04872256870772437
HK.01211,比亚迪,汽车,ti_5,成交不平衡,0.06413643651081136,0.040399868402910016,0.052268152456860686
HK.01211,比亚迪,汽车,ti_60,成交不平衡,0.02852103788957971,0.10656169812768736,0.06754136800863353
HK.01211,比亚迪,汽车,ti_zscore,成交不平衡,0.021165829694124685,0.06673157358981477,0.04394870164196973
HK.01211,比亚迪,汽车,relative_volume,成交量,0.05176899489148665,0.1266290299630518,0.08919901242726923
HK.01211,比亚迪,汽车,volume_change,成交量,0.053266035745805865,0.018620636313224765,0.03594333602951531
HK.01211,比亚迪,汽车,pv_corr,成交量,0.07228192788362174,0.015073554103555238,0.04367774099358849
HK.01211,比亚迪,汽车,rsi,技术指标,0.02898745703569179,0.02225318009924333,0.025620318567467562
HK.01211,比亚迪,汽车,bb_position,技术指标,0.07666826377610522,0.029910857222067874,0.05328956049908655
HK.01211,比亚迪,汽车,macd_dif,技术指标,0.0817947822672179,0.10193542775337618,0.09186510501029704
HK.01211,比亚迪,汽车,macd_dea,技术指标,0.0,0.0,0.0
HK.01211,比亚迪,汽车,macd,技术指标,0.048296534279672856,0.019086737206120523,0.033691635742896686
HK.01211,比亚迪,汽车,market_regime,市场状态,0.00014406378764792252,0.037769748523186805,0.018956906155417366
HK.00388,香港交易所,金融,kline_position,K线形态,0.02412970442393043,0.030783884945674012,0.02745679468480222
HK.00388,香港交易所,金融,range_pct,K线形态,0.06597085817696562,0.029719037836754607,0.04784494800686011
HK.00388,香港交易所,金融,return_1,价格动量,0.03587238602432095,0.024509386639328206,0.030190886331824575
HK.00388,香港交易所,金融,return_5,价格动量,0.04579640297524363,0.04272769233330894,0.044262047654276285
HK.00388,香港交易所,金融,return_20,价格动量,0.03460423421560689,0.10532311591118641,0.06996367506339665
HK.00388,香港交易所,金融,return_60,价格动量,0.02694783535653059,0.02445336149322756,0.025700598424879074
HK.00388,香港交易所,金融,return_zscore,价格动量,0.0791920328054564,0.06545253477696136,0.07232228379120889
HK.00388,香港交易所,金融,atr_pct,波动率,0.04950618537818527,0.031649308599184266,0.04057774698868477
HK.00388,香港交易所,金融,volatility_20,波动率,0.04802505030958787,0.035020648778397875,0.04152284954399287
HK.00388,香港交易所,金融,ti,成交不平衡,0.055565521486245106,0.059789610318977164,0.05767756590261114
HK.00388,香港交易所,金融,ti_5,成交不平衡,0.06146895819551577,0.05938449717464733,0.06042672768508155
HK.00388,香港交易所,金融,ti_60,成交不平衡,0.021907025992374204,0.08722152508292054,0.05456427553764737
HK.00388,香港交易所,金融,ti_zscore,成交不平衡,0.015128784368276147,0.05694291458947894,0.036035849478877544
HK.00388,香港交易所,金融,relative_volume,成交量,0.04544257378949428,0.1138679408089142,0.07965525729920424
HK.00388,香港交易所,金融,volume_change,成交量,0.057733421716850725,0.020516716359929923,0.039125069038390324
HK.00388,香港交易所,金融,pv_corr,成交量,0.07318367718608745,0.021139705718517754,0.047161691452302604
HK.00388,香港交易所,金融,rsi,技术指标,0.03332299043995081,0.02617961553545744,0.029751302987704124
HK.00388,香港交易所,金融,bb_position,技术指标,0.08175597813807721,0.028728299648529836,0.055242138893303525
HK.00388,香港交易所,金融,macd_dif,技术指标,0.08406378470261422,0.07684671102251724,0.08045524786256572
HK.00388,香港交易所,金融,macd_dea,技术指标,0.0,0.0,0.0
HK.00388,香港交易所,金融,macd,技术指标,0.06017743492786503,0.032264808056577506,0.04622112149222127
HK.00388,香港交易所,金融,market_regime,市场状态,0.00020515939082125264,0.02747868436950877,0.013841921880165012
