股票代码,股票名称,行业,模型,Accuracy,F1-macro,AUC,数据来源
HK.00700,腾讯控股,科技,LSTM,0.7096295318840101,0.35825380341855295,0.5,val
HK.00700,腾讯控股,科技,GRU,0.7139016263649259,0.35681716099106575,0.5,val
HK.00700,腾讯控股,科技,CNN-LSTM,0.7064625738132154,0.35274861314395817,0.5,val
HK.00700,腾讯控股,科技,Transformer,0.6963678949625574,0.37965584668454566,0.5,val
HK.00700,腾讯控股,科技,PV-Transformer,0.7165407580905881,0.31154498402573383,0.5,val
HK.00700,腾讯控股,科技,PV-Transformer+LSF,0.4255952380952381,0.32754540894075773,0.5,val
HK.00005,汇丰控股,金融,LSTM,0.90006102891451,0.3166450132001816,0.5,val
HK.00005,汇丰控股,金融,GRU,0.90006102891451,0.32185133331324006,0.5,val
HK.00005,汇丰控股,金融,CNN-LSTM,0.9001435004206046,0.3187768898221189,0.5,val
HK.00005,汇丰控股,金融,Transformer,0.8978013096475168,0.340429123530725,0.5,val
HK.00005,汇丰控股,金融,PV-Transformer,0.8999950517096343,0.31712744200309656,0.5,val
HK.00005,汇丰控股,金融,PV-Transformer+LSF,0.4304635761589404,0.3694044396172799,0.5,val
HK.09988,阿里巴巴,科技,LSTM,0.6648963367365452,0.36403421624756543,0.5,val
HK.09988,阿里巴巴,科技,GRU,0.6633789110821554,0.3804814177008898,0.5,val
HK.09988,阿里巴巴,科技,CNN-LSTM,0.6619274604562173,0.36454752246119276,0.5,val
HK.09988,阿里巴巴,科技,Transformer,0.6547196885978657,0.3899787235205072,0.5,val
HK.09988,阿里巴巴,科技,PV-Transformer,0.6572267396790314,0.3757908277079162,0.5,val
HK.09988,阿里巴巴,科技,PV-Transformer+LSF,0.5298013245033113,0.3083897512753664,0.5,val
HK.01810,小米集团,科技,LSTM,0.5630051129803727,0.3124072831942311,0.5,val
HK.01810,小米集团,科技,GRU,0.564473033151905,0.32660369614884194,0.5,val
HK.01810,小米集团,科技,CNN-LSTM,0.5641926439056573,0.3380324851517451,0.5,val
HK.01810,小米集团,科技,Transformer,0.5687613392709879,0.3995979626206641,0.5,val
HK.01810,小米集团,科技,PV-Transformer,0.5651327725548408,0.3931484574114068,0.5,val
HK.01810,小米集团,科技,PV-Transformer+LSF,0.5695364238410596,0.5297175141242938,0.5,val
HK.00939,建设银行,金融,LSTM,0.7196813511240124,0.3609763253628894,0.5,val
HK.00939,建设银行,金融,GRU,0.7276475730237008,0.3587289146069353,0.5,val
HK.00939,建设银行,金融,CNN-LSTM,0.7185763058501426,0.36069719016643936,0.5,val
HK.00939,建设银行,金融,Transformer,0.6799162144777424,0.3765875574818645,0.5,val
HK.00939,建设银行,金融,PV-Transformer,0.6819448796820109,0.3771683399444284,0.5,val
HK.00939,建设银行,金融,PV-Transformer+LSF,0.3576158940397351,0.3325285043594903,0.5,val
HK.01299,友邦保险,金融,LSTM,0.748301227074812,0.3044917294552793,0.5,val
HK.01299,友邦保险,金融,GRU,0.7478394247262172,0.3082947820778364,0.5,val
HK.01299,友邦保险,金融,CNN-LSTM,0.7445573294629898,0.3228070188644892,0.5,val
HK.01299,友邦保险,金融,Transformer,0.7203621849848265,0.374510950226651,0.5,val
HK.01299,友邦保险,金融,PV-Transformer,0.7483671988388969,0.2951766354586842,0.5,val
HK.01299,友邦保险,金融,PV-Transformer+LSF,0.7218543046357616,0.2794871794871795,0.5,val
HK.00941,中国移动,通信,LSTM,0.8157274091666255,0.31779115458157975,0.5,val
HK.00941,中国移动,通信,GRU,0.8156944238286081,0.3307216715645522,0.5,val
HK.00941,中国移动,通信,CNN-LSTM,0.8164201012649878,0.3212273881288805,0.5,val
HK.00941,中国移动,通信,Transformer,0.798212194679465,0.34062500913511645,0.5,val
HK.00941,中国移动,通信,PV-Transformer,0.8140616495967542,0.3170640276717733,0.5,val
HK.00941,中国移动,通信,PV-Transformer+LSF,0.4966887417218543,0.4570299989324223,0.5,val
HK.03690,美团,科技,LSTM,0.5742252568733198,0.38399946099403026,0.5,val
HK.03690,美团,科技,GRU,0.5773093859779328,0.3660465355955762,0.5,val
HK.03690,美团,科技,CNN-LSTM,0.57602295779526,0.37759162633002535,0.5,val
HK.03690,美团,科技,Transformer,0.5627793445813336,0.3899012275412439,0.5,val
HK.03690,美团,科技,PV-Transformer,0.5763198258374153,0.36187565927088966,0.5,val
HK.03690,美团,科技,PV-Transformer+LSF,0.4768211920529801,0.4471830985915493,0.5,val
HK.01211,比亚迪,汽车,LSTM,0.647881516665842,0.3434775914130497,0.5,val
HK.01211,比亚迪,汽车,GRU,0.6475516632856695,0.3656862698585412,0.5,val
HK.01211,比亚迪,汽车,CNN-LSTM,0.6396846601685551,0.36549642094832424,0.5,val
HK.01211,比亚迪,汽车,Transformer,0.6183101611333762,0.3955044919541328,0.5,val
HK.01211,比亚迪,汽车,PV-Transformer,0.6417132584566161,0.37382706653946945,0.5,val
HK.01211,比亚迪,汽车,PV-Transformer+LSF,0.5629139072847682,0.5624196309007546,0.5,val
HK.00388,香港交易所,金融,LSTM,0.6972935530156845,0.3327099063738956,0.5,val
HK.00388,香港交易所,金融,GRU,0.697491465043788,0.33046013976245786,0.5,val
HK.00388,香港交易所,金融,CNN-LSTM,0.6990417759305988,0.32999661297928384,0.5,val
HK.00388,香港交易所,金融,Transformer,0.6730163442349876,0.3735212177465023,0.5,val
HK.00388,香港交易所,金融,PV-Transformer,0.6946382333052958,0.35372992971472517,0.5,val
HK.00388,香港交易所,金融,PV-Transformer+LSF,0.3443708609271523,0.26178682810493487,0.5,val
HK.00700,腾讯控股,科技,LogisticRegression,0.3185929648241206,0.2207364950663451,0.5156598378879224,db_eval
HK.00700,腾讯控股,科技,RandomForest,0.9035175879396984,0.3164378739880324,0.566750208572179,db_eval
HK.00700,腾讯控股,科技,XGBoost,0.8994974874371859,0.3156966490299823,0.5235774951119031,db_eval
HK.00005,汇丰控股,金融,LogisticRegression,0.2944723618090452,0.1804987944436509,0.4601601684047987,db_eval
HK.00005,汇丰控股,金融,RandomForest,0.9266331658291456,0.3206398887150061,0.5397717459089061,db_eval
HK.00005,汇丰控股,金融,XGBoost,0.907537688442211,0.3461526801325572,0.5046467454063185,db_eval
HK.09988,阿里巴巴,科技,LogisticRegression,0.2874371859296482,0.2550655102977217,0.5012332861585692,db_eval
HK.09988,阿里巴巴,科技,RandomForest,0.742713567839196,0.2841214917339484,0.5384751909726889,db_eval
HK.09988,阿里巴巴,科技,XGBoost,0.6562814070351759,0.3620228974178036,0.523734129589,db_eval
HK.01810,小米集团,科技,LogisticRegression,0.3165829145728643,0.2419959280371545,0.4860490870672252,db_eval
HK.01810,小米集团,科技,RandomForest,0.8100502512562814,0.2983527669813067,0.5356544770442168,db_eval
HK.01810,小米集团,科技,XGBoost,0.5678391959798995,0.314951150544821,0.4988171369484164,db_eval
HK.00939,建设银行,金融,LogisticRegression,0.3256281407035176,0.2384131540885997,0.5011052636688752,db_eval
HK.00939,建设银行,金融,RandomForest,0.8462311557788945,0.3055706768281618,0.5129371936874922,db_eval
HK.00939,建设银行,金融,XGBoost,0.5135678391959799,0.2967125294140247,0.5190758701922848,db_eval
HK.01299,友邦保险,金融,LogisticRegression,0.1597989949748743,0.1620405666757803,0.5146056094346187,db_eval
HK.01299,友邦保险,金融,RandomForest,0.8371859296482412,0.3037928519328957,0.4921998918944325,db_eval
HK.01299,友邦保险,金融,XGBoost,0.8371859296482412,0.3039591315453384,0.5456702001941395,db_eval
HK.00941,中国移动,通信,LogisticRegression,0.2954773869346733,0.174433407258692,0.511249116338011,db_eval
HK.00941,中国移动,通信,RandomForest,0.9628140703517588,0.3270182625021334,0.578265361084159,db_eval
HK.00941,中国移动,通信,XGBoost,0.9276381909547738,0.3209876543209876,0.5245104701377953,db_eval
HK.03690,美团,科技,LogisticRegression,0.2512562814070351,0.2039658940374673,0.5061800939735615,db_eval
HK.03690,美团,科技,RandomForest,0.8522613065326633,0.3067462470609514,0.4446941131817423,db_eval
HK.03690,美团,科技,XGBoost,0.6100502512562814,0.3132519156749793,0.4652628378939833,db_eval
HK.01211,比亚迪,汽车,LogisticRegression,0.3035175879396985,0.2356853958868317,0.4879590111112238,db_eval
HK.01211,比亚迪,汽车,RandomForest,0.8030150753768844,0.2969156447417317,0.4897203378659525,db_eval
HK.01211,比亚迪,汽车,XGBoost,0.6180904522613065,0.3368982611053019,0.552314847095501,db_eval
HK.00388,香港交易所,金融,LogisticRegression,0.3105527638190954,0.2076219366695554,0.552840910983508,db_eval
HK.00388,香港交易所,金融,RandomForest,0.9276381909547738,0.3208202989224887,0.5034058328874708,db_eval
HK.00388,香港交易所,金融,XGBoost,0.8472361809045226,0.3532778209864661,0.5455188712424622,db_eval
